mechanism,XH2_fuel,P_atm,T_K,X_NH3,X_H2O,X_NO,X_N2O
Full,0.0,1.0,800.0,0.21881819591058857,1.461017803910652e-07,2.1455546175109687e-08,2.492376415448048e-09
Full,0.0,1.0,810.0,0.21881807124742986,2.7514777098347686e-07,3.3853568821376215e-08,5.349224097044623e-09
Full,0.0,1.0,820.0,0.21881786661901428,5.039371644969467e-07,5.2168097943752664e-08,1.0906825875196151e-08
Full,0.0,1.0,830.0,0.21881753592572106,8.96314944742336e-07,7.837952367083077e-08,2.118539769522238e-08
Full,0.0,1.0,840.0,0.21881701102610254,1.5475725760135295e-06,1.1472545605615452e-07,3.931991967513829e-08
Full,0.0,1.0,850.0,0.21881619383337994,2.5953170252686032e-06,1.6362465819791813e-07,6.995528240328617e-08
Full,0.0,1.0,860.0,0.21881494651305097,4.2328048539574895e-06,2.275970528578544e-07,1.1969727436123446e-07
Full,0.0,1.0,870.0,0.21881307945435796,6.725225091272048e-06,3.091903387760924e-07,1.9760686238006533e-07
Full,0.0,1.0,880.0,0.21881033653712695,1.0429629461435283e-05,4.1092339750319296e-07,3.1572619569401406e-07
Full,0.0,1.0,890.0,0.21880637691210877,1.5819638058275373e-05,5.352579236061019e-07,4.896351148320463e-07
Full,0.0,1.0,900.0,0.218800752007376,2.3516772585775313e-05,6.846098570142773e-07,7.390591669791543e-07
Full,0.0,1.0,910.0,0.21879287574702086,3.433131223756492e-05,8.614093220080509e-07,1.088581825406763e-06
Full,0.0,1.0,920.0,0.2187819850106241,4.931693752218619e-05,1.0682121235188469e-06,1.5685475474729429e-06
Full,0.0,1.0,930.0,0.21876708610889523,6.984520835705803e-05,1.3078595881963797e-06,2.2162702014876454e-06
Full,0.0,1.0,940.0,0.21874688129411055,9.770840454643302e-05,1.5836797547820702e-06,3.077679855381498e-06
Full,0.0,1.0,950.0,0.21871966658861952,0.00013526310630710583,1.8997244035900689e-06,4.209556103855019e-06
Full,0.0,1.0,960.0,0.21868318757292626,0.0001856334142128077,2.261044903261497e-06,5.682524861576166e-06
Full,0.0,1.0,970.0,0.2186344314596021,0.00025300438683769207,2.6740264829477357e-06,7.585065436432708e-06
Full,0.0,1.0,980.0,0.21856931826614126,0.000343058071344505,3.1468279116530474e-06,1.0028929714848715e-05
Full,0.0,1.0,990.0,0.21848222359728833,0.0004636471111790757,3.690019860728645e-06,1.315669926648296e-05
Full,0.0,1.0,1000.0,0.21836520327988912,0.0006258885485340088,4.317599737563372e-06,1.7152868413591218e-05
Full,0.0,1.0,1010.0,0.218206653604111,0.0008460526869887563,5.048732393241991e-06,2.226122849818003e-05
Full,0.0,1.0,1020.0,0.21798876960789987,0.0011491444142762057,5.911123364383568e-06,2.8815741061280965e-05
Full,0.0,1.0,1030.0,0.21768219872428615,0.0015764347916305947,6.948038444898462e-06,3.7301325207016055e-05
Full,0.0,1.0,1040.0,0.2172327161526085,0.002204230293530416,8.235784603230707e-06,4.849903632324133e-05
Full,0.0,1.0,1050.0,0.21651766941087744,0.00320522924564283,9.94037165178797e-06,6.394379545223485e-05
Full,0.0,1.0,1060.0,0.21508232636307698,0.005219976459934954,1.2656540696009208e-05,8.859882527053077e-05
Full,0.0,1.0,1070.0,2.0229169113256956e-07,0.2775917020212944,0.004228731133820055,1.9335483023463966e-07
Full,0.0,1.0,1080.0,1.968020254646239e-07,0.277046040449171,0.004266360959210451,1.952748230059248e-07
Full,0.0,1.0,1090.0,1.9157226622033934e-07,0.27649614015798896,0.004305046437005825,1.9724674691564934e-07
Full,0.0,1.0,1100.0,1.865891090475192e-07,0.2759420645913745,0.004344756626638009,1.9926787407914578e-07
Full,0.0,1.0,1110.0,1.818400242541171e-07,0.2753838771953053,0.004385460633048777,2.0133565407431646e-07
Full,0.0,1.0,1120.0,1.7731320679116776e-07,0.2748216413828422,0.004427127718250149,2.0344770000291552e-07
Full,0.0,1.0,1130.0,1.7299752967958352e-07,0.27425542050216206,0.004469727398466137,2.0560177564743278e-07
Full,0.0,1.0,1140.0,1.6888250064003176e-07,0.27368527780753477,0.004513229527986485,2.0779578365053115e-07
Full,0.0,1.0,1150.0,1.649582217008299e-07,0.2731112764329089,0.004557604370842519,2.1002775464626667e-07
Full,0.0,1.0,1160.0,1.612153515738077e-07,0.2725334793678099,0.004602822661381691,2.1229583727490034e-07
Full,0.0,1.0,1170.0,1.576450706021531e-07,0.27195194943528117,0.004648855654777265,2.1459828901623248e-07
Full,0.0,1.0,1180.0,1.5423904809778895e-07,0.2713667492716297,0.004695675168458719,2.1693346777961122e-07
Full,0.0,1.0,1190.0,1.5098941189841535e-07,0.27077794130776006,0.004743253615395391,2.1929982419212767e-07
Full,0.0,1.0,1200.0,1.4788871998624537e-07,0.2701855877519116,0.004791564030107388,2.2169589452996563e-07
Full,0.0,1.0,1210.0,1.449299340217159e-07,0.26958975057362705,0.004840580088218743,2.2412029424138703e-07
Full,0.0,1.0,1220.0,1.4210639465581207e-07,0.26899049148881693,0.004890276120307412,2.2657171201313898e-07
Full,0.0,1.0,1230.0,1.3941179849449343e-07,0.2683878719457798,0.004940627120746806,2.2904890433547364e-07
Full,0.0,1.0,1240.0,1.3684017659786354e-07,0.2677819531120858,0.004991608752175585,2.3155069052419684e-07
Full,0.0,1.0,1250.0,1.34385874405122e-07,0.26717279586220444,0.005043197346176359,2.340759481611881e-07
Full,0.0,1.0,1260.0,1.3204353298442652e-07,0.2665604607658298,0.005095369900688131,2.366236089177936e-07
Full,0.0,1.0,1270.0,1.298080715140459e-07,0.26594500807680005,0.005148104074628652,2.3919265472834013e-07
Full,0.0,1.0,1280.0,1.2767467090803433e-07,0.26532649772257416,0.005201378180153892,2.41782114283563e-07
Full,0.0,1.0,1290.0,1.2563875850609255e-07,0.2647049892942121,0.005255171172935194,2.443910598162171e-07
Full,0.0,1.0,1300.0,1.2369599375308482e-07,0.2640805420368095,0.005309462640796258,2.470186041534662e-07
Full,0.05,1.0,800.0,0.2103753002503369,0.0005682480361743361,1.5477666334151814e-05,4.8333430256003934e-05
Full,0.05,1.0,810.0,0.21024010497341197,0.00084573346186411,2.2539695395303466e-05,7.020562355726496e-05
Full,0.05,1.0,820.0,0.21006413366613427,0.0012025590177951206,2.9932604870666393e-05,9.729503055550533e-05
Full,0.05,1.0,830.0,0.2098303847914781,0.0016724004025841037,3.7781537259584006e-05,0.00013185063619270475
Full,0.05,1.0,840.0,0.20951373815039662,0.002304521637971364,4.6185405579839874e-05,0.00017698475002432277
Full,0.05,1.0,850.0,0.20907069485588753,0.003183759968593127,5.5294427950087086e-05,0.00023792264981771434
Full,0.05,1.0,860.0,0.20841160837562409,0.004483983194126358,6.540519133139212e-05,0.0003251663191931401
Full,0.05,1.0,870.0,0.20728830853089902,0.006683071741870965,7.726787976215248e-05,0.000466852154395029
Full,0.05,1.0,880.0,0.1916598219964363,0.03665909507237696,5.675145116984288e-05,0.0009283415810941175
Full,0.05,1.0,890.0,0.19120438573681758,0.03792687331906188,4.594164684904256e-05,0.0006407363272205797
Full,0.05,1.0,900.0,3.226839978272615e-07,0.2864295924915144,0.0037831549691494525,1.71767492799429e-07
Full,0.05,1.0,910.0,3.1093595832357797e-07,0.2859574924220323,0.0038011697128521277,1.7239046057479634e-07
Full,0.05,1.0,920.0,3.0027423053743125e-07,0.28547996262814973,0.0038217711461867735,1.7320539605458802e-07
Full,0.05,1.0,930.0,2.8991639771050913e-07,0.2849973879354739,0.0038431520428507653,1.7410428097653814e-07
Full,0.05,1.0,940.0,2.800813657263036e-07,0.28450972489821835,0.00386590363050314,1.7511329952691843e-07
Full,0.05,1.0,950.0,2.7074012909352307e-07,0.2840170400666823,0.003890012877036182,1.7622571055065145e-07
Full,0.05,1.0,960.0,2.6186546679378075e-07,0.2835194021900598,0.003915463486383688,1.7743523331207296e-07
Full,0.05,1.0,970.0,2.5343182526801103e-07,0.2830168821073388,0.003942236255942439,1.7873601588190119e-07
Full,0.05,1.0,980.0,2.454152119883963e-07,0.2825095526454575,0.003970309423085137,1.8012260541814938e-07
Full,0.05,1.0,990.0,2.377930898632077e-07,0.28199748852770495,0.003999658978437771,1.8158991913865251e-07
Full,0.05,1.0,1000.0,2.3054428387047254e-07,0.28148076628731544,0.0040302589719304815,1.8313321759454756e-07
Full,0.05,1.0,1010.0,2.2364856175094787e-07,0.28095943853940547,0.004062083380551696,1.8474815993512453e-07
Full,0.05,1.0,1020.0,2.1708680667735023e-07,0.28043354721657354,0.004095105744869242,1.864307494815722e-07
Full,0.05,1.0,1030.0,2.1084131994604096e-07,0.2799031542103567,0.004129297483662488,1.8817721216690446e-07
Full,0.05,1.0,1040.0,2.0489546370408658e-07,0.2793683217038021,0.0041646292551339855,1.8998403259950705e-07
Full,0.05,1.0,1050.0,1.9923359118936673e-07,0.2788291120837343,0.00420107115611397,1.9184793425562105e-07
Full,0.05,1.0,1060.0,1.9384098136435456e-07,0.27828558788893915,0.004238592898523252,1.937658608995357e-07
Full,0.05,1.0,1070.0,1.8870377840591657e-07,0.27773781176255447,0.004277163968102705,1.9573495941537208e-07
Full,0.05,1.0,1080.0,1.8380893823514933e-07,0.27718584640831756,0.004316753772862389,1.9775256425593907e-07
Full,0.05,1.0,1090.0,1.791441724034531e-07,0.27662975455295663,0.004357331759333511,1.9981618232061573e-07
Full,0.05,1.0,1100.0,1.7469790188185895e-07,0.2760695989101468,0.004398867528787186,2.0192347972321112e-07
Full,0.05,1.0,1110.0,1.7045920984272432e-07,0.2755054421491432,0.004441330928700338,2.040722691049354e-07
Full,0.05,1.0,1120.0,1.662748804767397e-07,0.27493739214369856,0.004484314823222894,2.0624527548349874e-07
Full,0.05,1.0,1130.0,1.6256396449676293e-07,0.27436537555239165,0.004528921751388228,2.0848624022844897e-07
Full,0.05,1.0,1140.0,1.5888852904196474e-07,0.2737895905819279,0.004573990803319619,2.1074768187252778e-07
Full,0.05,1.0,1150.0,1.5524956087880312e-07,0.27321009368837207,0.004619521156985938,2.1302924333488845e-07
Full,0.05,1.0,1160.0,1.5203871140411745e-07,0.27262682839457514,0.004666534020938003,2.1537093617210376e-07
Full,0.05,1.0,1170.0,1.487210544021142e-07,0.2720400111464303,0.004713620688529942,2.1771655157305752e-07
Full,0.05,1.0,1180.0,1.4580465587802786e-07,0.271449555974673,0.0047621010928042586,2.201177380544807e-07
Full,0.05,1.0,1190.0,1.4290050510632534e-07,0.27085563245169714,0.00481095225169728,2.2253392767231295e-07
Full,0.05,1.0,1200.0,1.4012942645946554e-07,0.27025826574828854,0.0048604810604373555,2.2497690397049132e-07
Full,0.05,1.0,1210.0,1.3748522725395116e-07,0.26965751682781414,0.00491066276039173,2.2744544654786076e-07
Full,0.05,1.0,1220.0,1.3496204271901973e-07,0.2690534463911462,0.004961473251729969,2.2993839625011452e-07
Full,0.05,1.0,1230.0,1.325543163253923e-07,0.26844611486405423,0.005012889094106714,2.3245465072813456e-07
Full,0.05,1.0,1240.0,1.3036648738397265e-07,0.2678355563579234,0.0050651660059053225,2.3500392698764452e-07
Full,0.05,1.0,1250.0,1.2806444433066819e-07,0.26722190879493174,0.005117446350739941,2.3755292460711851e-07
Full,0.05,1.0,1260.0,1.2607783333547465e-07,0.26660512996249713,0.005170808858464999,2.401432010107961e-07
Full,0.05,1.0,1270.0,1.2407980147523273e-07,0.265985353530303,0.005224418137308421,2.4274239049362534e-07
Full,0.05,1.0,1280.0,1.2207244333985974e-07,0.2653626350579604,0.005278273799657538,2.4535040446915084e-07
Full,0.05,1.0,1290.0,1.203549656151623e-07,0.2647369686077561,0.005333111227559236,2.479955047657363e-07
Full,0.05,1.0,1300.0,1.1852310084739609e-07,0.2641084963693251,0.005387917053049878,2.506385681133411e-07
Full,0.3,1.0,800.0,0.16616169890423643,9.126649098675419e-05,4.6931573128203584e-08,2.6060672997878235e-07
Full,0.3,1.0,810.0,2.633717937614161e-07,0.29214681189685754,0.0036635785749721483,1.640644684204793e-07
Full,0.3,1.0,820.0,2.54492722875902e-07,0.2916751419697413,0.0036859571923366754,1.651303512392937e-07
Full,0.3,1.0,830.0,2.4605678675245956e-07,0.291198365393189,0.003709641670725838,1.6628915388032061e-07
Full,0.3,1.0,840.0,2.3803989111090897e-07,0.2907165327639008,0.0037346183062571875,1.6753550904001764e-07
Full,0.3,1.0,850.0,2.305931454252092e-07,0.29022961386239726,0.0037613318774980344,1.688856279135189e-07
Full,0.3,1.0,860.0,2.2317405852964733e-07,0.2897379123332657,0.0037883801010538394,1.7027119866412606e-07
Full,0.3,1.0,870.0,2.162838689899911e-07,0.28924123616141273,0.0038171256122018497,1.717515143446864e-07
Full,0.3,1.0,880.0,2.0973004259052837e-07,0.2887397271029959,0.0038470845380124664,1.7330129781417184e-07
Full,0.3,1.0,890.0,2.0349490462279737e-07,0.28823344591108024,0.0038782325959568695,1.7491675622970755e-07
Full,0.3,1.0,900.0,1.975618255152054e-07,0.28772245525124013,0.0039105441570674625,1.7659434551210858e-07
Full,0.3,1.0,910.0,1.9176652517943172e-07,0.28720688570358477,0.003943586415508787,1.7831374979962047e-07
Full,0.3,1.0,920.0,1.8654015049516942e-07,0.2866866055959092,0.003978549812897595,1.8012287113215735e-07
Full,0.3,1.0,930.0,1.814229354460488e-07,0.2861618812740417,0.004014187764258201,1.819677978319264e-07
Full,0.3,1.0,940.0,1.765504273225879e-07,0.28563271679799895,0.004050877275517246,1.8386280402475484e-07
Full,0.3,1.0,950.0,1.719102950469476e-07,0.2850991840744554,0.004088588863850131,1.858053277622741e-07
Full,0.3,1.0,960.0,1.674909095889029e-07,0.2845613568184639,0.004127292735274095,1.8779295918615977e-07
Full,0.3,1.0,970.0,1.6328129948678956e-07,0.28401931054633045,0.004166958902407277,1.8982342817863362e-07
Full,0.3,1.0,980.0,1.5927110916760026e-07,0.2834731225703776,0.004207557288192832,1.9189459292158353e-07
Full,0.3,1.0,990.0,1.5545056065552377e-07,0.2829228719950209,0.004249057818379204,1.9400442940447596e-07
Full,0.3,1.0,1000.0,1.5181041710459802e-07,0.282368639714308,0.004291430500446246,1.961510216585723e-07
Full,0.3,1.0,1010.0,1.4834163149878073e-07,0.28181045585190917,0.004334649586812683,1.9833275912826848e-07
Full,0.3,1.0,1020.0,1.4503560149712087e-07,0.28124833494153406,0.004378691096976353,2.0054819743058158e-07
Full,0.3,1.0,1030.0,1.4188448083534841e-07,0.28068233566877987,0.004423528157234302,2.0279581384333398e-07
Full,0.3,1.0,1040.0,1.3888085257527466e-07,0.28011251669557713,0.004469134392936074,2.0507417038395742e-07
Full,0.3,1.0,1050.0,1.3601770278820847e-07,0.2795389366146953,0.0045154839633153,2.0738190744969517e-07
Full,0.3,1.0,1060.0,1.3328839676109947e-07,0.27896165393072364,0.004562551589035009,2.0971773796220055e-07
Full,0.3,1.0,1070.0,1.30686654588724e-07,0.27838072704295813,0.0046103125680038645,2.120804417631692e-07
Full,0.3,1.0,1080.0,1.2820653117380758e-07,0.27779621422832956,0.004658742793186188,2.1446886077617118e-07
Full,0.3,1.0,1090.0,1.2584239556462737e-07,0.27720817362592615,0.004707818760402269,2.1688189436303298e-07
Full,0.3,1.0,1100.0,1.2358891237006608e-07,0.27661666322203726,0.004757517573929199,2.1931849514668387e-07
Full,0.3,1.0,1110.0,1.2153566269891436e-07,0.2760217117961256,0.004808067161553926,2.217869703992908e-07
Full,0.3,1.0,1120.0,1.1939393583114702e-07,0.2754234641062485,0.004858695206881543,2.2425845239885833e-07
Full,0.3,1.0,1130.0,1.1744309782636527e-07,0.27482189047852257,0.004910131277743651,2.2675994745126545e-07
Full,0.3,1.0,1140.0,1.1558419333414687e-07,0.2742170771914447,0.004962104687414534,2.2928128069391677e-07
Full,0.3,1.0,1150.0,1.1381312406863958e-07,0.2736090812662239,0.005014595552485182,2.3182161950066865e-07
Full,0.3,1.0,1160.0,1.1212599796425901e-07,0.2729979594942758,0.0050675845699755424,2.3438016578386173e-07
Full,0.3,1.0,1170.0,1.1051911733222183e-07,0.2723837684262192,0.005121053005990779,2.3695615370656764e-07
Full,0.3,1.0,1180.0,1.0898896787761897e-07,0.2717665643610738,0.005174982683615707,2.395488475946885e-07
Full,0.3,1.0,1190.0,1.0753220835779377e-07,0.2711464033358229,0.005229355969864231,2.4215754001526985e-07
Full,0.3,1.0,1200.0,1.0614566076286036e-07,0.27052334111536114,0.005284155761701502,2.447815499992071e-07
Full,0.3,1.0,1210.0,1.0482630192829097e-07,0.2698974331825572,0.005339365473646521,2.474202214866246e-07
Full,0.3,1.0,1220.0,1.035712535773788e-07,0.2692687347291511,0.005394969019819718,2.5007292169776395e-07
Full,0.3,1.0,1230.0,1.02302963742837e-07,0.26863731799221846,0.0054507652522494945,2.5273212359784484e-07
Full,0.3,1.0,1240.0,1.0124325856757593e-07,0.2680031855158662,0.005507295697460959,2.5541798606003075e-07
Full,0.3,1.0,1250.0,1.001652153040281e-07,0.2673664436019712,0.0055639890360195355,2.581091897190015e-07
Full,0.3,1.0,1260.0,9.914127575049489e-08,0.2667271288426662,0.005621016594062825,2.6081209888834815e-07
Full,0.3,1.0,1270.0,9.823896237449912e-08,0.2660852802139999,0.005678533502182595,2.63532514914431e-07
Full,0.3,1.0,1280.0,9.724677247390644e-08,0.2654409948626904,0.005736019600065208,2.662509123405007e-07
Full,0.3,1.0,1290.0,9.637199659410066e-08,0.2647942818181595,0.00579396868604862,2.689857964897727e-07
Full,0.3,1.0,1300.0,9.554288938684016e-08,0.2641452082661229,0.005852199239963678,2.7173034424600446e-07
Reduced,0.0,1.0,800.0,0.21881807438405904,1.530915841916074e-07,1.370972596786644e-08,2.7005372743773308e-15
Reduced,0.0,1.0,810.0,0.21881790429957043,2.748786793699796e-07,2.1931540181131027e-08,4.871309496654651e-15
Reduced,0.0,1.0,820.0,0.21881764350558483,4.791445085849952e-07,3.348676165853194e-08,8.58764155778532e-15
Reduced,0.0,1.0,830.0,0.21881724859135462,8.111317569459903e-07,4.911270541947599e-08,1.4864166836273106e-14
Reduced,0.0,1.0,840.0,0.2188166588031714,1.335698429497115e-06,6.958923478074819e-08,2.538136908502304e-14
Reduced,0.0,1.0,850.0,0.2188157901770367,2.1446447064265124e-06,9.575227256767839e-08,4.2966650398754145e-14
Reduced,0.0,1.0,860.0,0.21881452770576296,3.366909638717209e-06,1.285137510376384e-07,7.247271857677666e-14
Reduced,0.0,1.0,870.0,0.21881271479299386,5.182705339353562e-06,1.6888594813096526e-07,1.2241834555375414e-13
Reduced,0.0,1.0,880.0,0.21881013887401327,7.842954745231825e-06,2.1801268293247223e-07,2.0811721792275965e-13
Reduced,0.0,1.0,890.0,0.21880651159569262,1.1695758024828654e-05,2.772118668780948e-07,3.577512523001507e-13
Reduced,0.0,1.0,900.0,0.2188014414691302,1.7222079787980136e-05,3.4803075828722196e-07,6.243222191212309e-13
Reduced,0.0,1.0,910.0,0.21879439649243757,2.508365569146591e-05,4.323082800679244e-07,1.1093888313141424e-12
Reduced,0.0,1.0,920.0,0.21878465360151378,3.618770224901921e-05,5.322342983801156e-07,2.0104704111745823e-12
Reduced,0.0,1.0,930.0,0.21877123027537076,5.177586686648956e-05,6.504001556342029e-07,3.716069892461249e-12
Reduced,0.0,1.0,940.0,0.21875279046447427,7.354946239128896e-05,7.898467833936426e-07,6.996966835560272e-12
Reduced,0.0,1.0,950.0,0.21872751152642597,0.00010385034942486322,9.54128593836701e-07,1.3393809547524779e-11
Reduced,0.0,1.0,960.0,0.21869288968841338,0.00014592926345540736,1.1474183174198474e-06,2.6010138994826824e-11
Reduced,0.0,1.0,970.0,0.21864544529683289,0.00020435614901716546,1.3746840033158307e-06,5.1157848727097955e-11
Reduced,0.0,1.0,980.0,0.2185802578751408,0.000285671095766491,1.6419846368593942e-06,1.0183886337953272e-10
Reduced,0.0,1.0,990.0,0.21849019629245447,0.0003994648936790405,1.956970550277686e-06,2.0531480498157808e-10
Reduced,0.0,1.0,1000.0,0.21836456425879236,0.0005602792457137756,2.329768228909668e-06,4.202058029045891e-10
Reduced,0.0,1.0,1010.0,0.21818649875543403,0.000791242969372381,2.774718263495045e-06,8.773894130506418e-10
Reduced,0.0,1.0,1020.0,0.21792738889216545,0.0011318437659541627,3.314090016583209e-06,1.8868828093648365e-09
Reduced,0.0,1.0,1030.0,0.21753240661597809,0.001658011326220549,3.9879457411604545e-06,4.263300063170961e-09
Reduced,0.0,1.0,1040.0,0.21686951864141712,0.002552829489418286,4.888901755375652e-06,1.0649319157326617e-08
Reduced,0.0,1.0,1050.0,0.21532760547622595,0.004664029950695207,6.4336151279950435e-06,3.760977418950891e-08
Reduced,0.0,1.0,1060.0,3.0302951750241423e-07,0.2785898824723899,0.003946922612786631,2.6080333176795243e-07
Reduced,0.0,1.0,1070.0,2.9293374887644977e-07,0.2780488095681005,0.003998286476597436,2.602174444530526e-07
Reduced,0.0,1.0,1080.0,2.8334520895825985e-07,0.2775035118966225,0.004050133028671756,2.597874084285616e-07
Reduced,0.0,1.0,1090.0,2.74235926405337e-07,0.2769540468489881,0.004102457119938923,2.5950609446871065e-07
Reduced,0.0,1.0,1100.0,2.655796300687335e-07,0.2764004722022238,0.004155252829619681,2.593667119269722e-07
Reduced,0.0,1.0,1110.0,2.5735163888741675e-07,0.2758428460726703,0.004208513552097288,2.593627936440988e-07
Reduced,0.0,1.0,1120.0,2.495287590799434e-07,0.27528122687154355,0.004262232077973725,2.594881811678947e-07
Reduced,0.0,1.0,1130.0,2.420891881644027e-07,0.2747156732626415,0.004316400669347861,2.5973701034239817e-07
Reduced,0.0,1.0,1140.0,2.350124253638293e-07,0.2741462441221105,0.004371011129426967,2.6010369731227704e-07
Reduced,0.0,1.0,1150.0,2.2827918797970456e-07,0.27357299850017064,0.004426054866637296,2.6058292497751555e-07
Reduced,0.0,1.0,1160.0,2.218713333408475e-07,0.2729959955847074,0.004481522953445291,2.611696299241876e-07
Reduced,0.0,1.0,1170.0,2.1577178595834623e-07,0.2724152946666279,0.004537406180130933,2.618589898488765e-07
Reduced,0.0,1.0,1180.0,2.0996446953983664e-07,0.2718309551068918,0.00459369510377739,2.6264641148746406e-07
Reduced,0.0,1.0,1190.0,2.0443424353793315e-07,0.2712430363051284,0.004650380092754114,2.635275190528382e-07
Reduced,0.0,1.0,1200.0,1.991668439280527e-07,0.2706515976697494,0.0047074513669775435,2.644981431812219e-07
Reduced,0.0,1.0,1210.0,1.9414882793035694e-07,0.2700566985894781,0.004764899034234052,2.65554310382576e-07
Reduced,0.0,1.0,1220.0,1.8936752240892082e-07,0.2694583984062227,0.004822713122847055,2.666922329870903e-07
Reduced,0.0,1.0,1230.0,1.8481097569870444e-07,0.2688567563892151,0.0048808836109631715,2.679082995771048e-07
Reduced,0.0,1.0,1240.0,1.8046791262727324e-07,0.2682518317103576,0.004939400452722526,2.691990658915527e-07
Reduced,0.0,1.0,1250.0,1.7632769251378174e-07,0.26764368342070916,0.004998253601567365,2.705612461883862e-07
Reduced,0.0,1.0,1260.0,1.7238026994223464e-07,0.26703237042805794,0.005057433030930704,2.719917050492129e-07
Reduced,0.0,1.0,1270.0,1.6861615811976847e-07,0.2664179514755289,0.005116928752532379,2.7348744960948553e-07
Reduced,0.0,1.0,1280.0,1.6502639464350918e-07,0.2658004851211767,0.0051767308324966,2.7504562219704693e-07
Reduced,0.0,1.0,1290.0,1.6160250951161848e-07,0.26518002971851823,0.005236829405490396,2.766634933615438e-07
Reduced,0.0,1.0,1300.0,1.5833649522537735e-07,0.2645566433979693,0.005297214687068681,2.7833845527709624e-07
Reduced,0.05,1.0,800.0,0.21061794919990637,1.8611523228354014e-05,1.9493847100729377e-06,9.899491786462761e-13
Reduced,0.05,1.0,810.0,0.2106136781182123,3.9355319877651804e-05,3.451251984432654e-06,3.742585668764061e-12
Reduced,0.05,1.0,820.0,0.21060426062425155,7.727569572970174e-05,5.392734270887428e-06,1.3746354249108545e-11
Reduced,0.05,1.0,830.0,0.21058606247173559,0.00014242532311559245,7.644707754951857e-06,4.62750149332428e-11
Reduced,0.05,1.0,840.0,0.2105536556231254,0.00024990945132692465,1.0070039830577669e-05,1.428166136132635e-10
Reduced,0.05,1.0,850.0,0.2104983205215045,0.0004243754435355584,1.2554386741749569e-05,4.1472782399400497e-10
Reduced,0.05,1.0,860.0,0.21040428966202282,0.0007110989585836669,1.5007430273632843e-05,1.1773983258291058e-09
Reduced,0.05,1.0,870.0,0.21023835178404104,0.0012067214107333948,1.733796692841895e-05,3.449874914299959e-09
Reduced,0.05,1.0,880.0,0.20990250478072814,0.002200893917149629,1.9384849053393513e-05,1.1776752646718879e-08
Reduced,0.05,1.0,890.0,0.20863474209257987,0.006002253467467174,1.9696605987904587e-05,9.452072005684678e-08
Reduced,0.05,1.0,900.0,0.20434536741693532,0.01767356448261789,1.223648922855203e-05,9.613319660441371e-07
Reduced,0.05,1.0,910.0,4.893589296167499e-07,0.28640952653114504,0.003301700499691832,2.8271541925244534e-07
Reduced,0.05,1.0,920.0,4.6985859676106137e-07,0.28593160631553904,0.0033467423125795475,2.79515109191252e-07
Reduced,0.05,1.0,930.0,4.510231958335619e-07,0.28544865655619894,0.0033920274842993516,2.76466262240034e-07
Reduced,0.05,1.0,940.0,4.331885965115922e-07,0.2849606948550621,0.003437773067140555,2.736826825933187e-07
Reduced,0.05,1.0,950.0,4.1629735742758216e-07,0.28446777817117486,0.0034839902895004355,2.71152757666312e-07
Reduced,0.05,1.0,960.0,4.0029556788162934e-07,0.2839699671143006,0.0035306881317318873,2.6886531458073997e-07
Reduced,0.05,1.0,970.0,3.8513262554695956e-07,0.28346732599373053,0.003577873405387009,2.668096130565217e-07
Reduced,0.05,1.0,980.0,3.707610250735234e-07,0.2829599228654277,0.0036255508398309625,2.6497533593233155e-07
Reduced,0.05,1.0,990.0,3.571361624001529e-07,0.2824478295788356,0.0036737231759700413,2.633525793685173e-07
Reduced,0.05,1.0,1000.0,3.4421614997083433e-07,0.281931121822618,0.003722391263347236,2.6193184156753693e-07
Reduced,0.05,1.0,1010.0,3.3196171604209414e-07,0.281409882329358,0.0037715538612768215,2.6070401766162915e-07
Reduced,0.05,1.0,1020.0,3.203355190415667e-07,0.2808841775029001,0.003821209949880033,2.596603390050671e-07
Reduced,0.05,1.0,1030.0,3.09302224099014e-07,0.2803540623167974,0.003871358383910059,2.587924019598104e-07
Reduced,0.05,1.0,1040.0,2.9882866212393204e-07,0.279819592129573,0.003921996885836263,2.580921891949458e-07
Reduced,0.05,1.0,1050.0,2.888836939637862e-07,0.27928082284595157,0.003973122130844733,2.5755205514209826e-07
Reduced,0.05,1.0,1060.0,2.794380798373846e-07,0.2787378108640049,0.004024729848327482,2.5716471130553103e-07
Reduced,0.05,1.0,1070.0,2.704643571391005e-07,0.2781906130246373,0.004076814918162965,2.5692321155863814e-07
Reduced,0.05,1.0,1080.0,2.619367254852497e-07,0.27763928656339454,0.004129371461143384,2.568209373177957e-07
Reduced,0.05,1.0,1090.0,2.538309401020686e-07,0.2770838890644879,0.004182392924281466,2.568515832156718e-07
Reduced,0.05,1.0,1100.0,2.461242111821998e-07,0.2765244784170066,0.004235872159811405,2.570091427048195e-07
Reduced,0.05,1.0,1110.0,2.387951115600904e-07,0.2759611127731877,0.00428980149964576,2.572878945836666e-07
Reduced,0.05,1.0,1120.0,2.3161306571579466e-07,0.275393853870595,0.004344014007897387,2.576143866286119e-07
Reduced,0.05,1.0,1130.0,2.2519038275433144e-07,0.27482275018487673,0.004398977619727999,2.5818743572965305e-07
Reduced,0.05,1.0,1140.0,2.1887795215507762e-07,0.2742478705125968,0.0044542070476213435,2.5879808924359796e-07
Reduced,0.05,1.0,1150.0,2.1267514217276878e-07,0.27366927061371504,0.00450970171067182,2.594469713386834e-07
Reduced,0.05,1.0,1160.0,2.071489127347068e-07,0.27308700851029233,0.00456590308158574,2.6031759632969694e-07
Reduced,0.05,1.0,1170.0,2.0151714836129248e-07,0.272501142499709,0.004622206136462976,2.6115828115660634e-07
Reduced,0.05,1.0,1180.0,1.9651339372566803e-07,0.2719117359182337,0.004679185443034287,2.6220582569265035e-07
Reduced,0.05,1.0,1190.0,1.915710926925935e-07,0.27131884309211163,0.004736397222837004,2.632781345902344e-07
Reduced,0.05,1.0,1200.0,1.868622101710336e-07,0.27072252451363593,0.0047939762572253046,2.644309051465448e-07
Reduced,0.05,1.0,1210.0,1.8237497845790166e-07,0.2701228390660691,0.004851912616948616,2.6566060315974525e-07
Reduced,0.05,1.0,1220.0,1.780982933058265e-07,0.2695198455489772,0.004910196346851623,2.669638567163471e-07
Reduced,0.05,1.0,1230.0,1.7402167531804704e-07,0.2689136026544307,0.004968817490682151,2.683374486478148e-07
Reduced,0.05,1.0,1240.0,1.7029074813770406e-07,0.26830417584765665,0.005027892350454539,2.69827981241766e-07
Reduced,0.05,1.0,1250.0,1.664296087080739e-07,0.26769160283331384,0.005087032302081029,2.7128350200806415e-07
Reduced,0.05,1.0,1260.0,1.6304436443173845e-07,0.26707597070218986,0.005146727457873995,2.728974794464957e-07
Reduced,0.05,1.0,1270.0,1.5967099757445726e-07,0.26645731489208724,0.0052065968771024,2.745219119891257e-07
Reduced,0.05,1.0,1280.0,1.563117872272351e-07,0.2658356915082288,0.005266638160259221,2.761577069688666e-07
Reduced,0.05,1.0,1290.0,1.5338440624643072e-07,0.26521118598285,0.005327190934845367,2.7793734587174113e-07
Reduced,0.05,1.0,1300.0,1.503211657000628e-07,0.2645838175675378,0.005387784671595776,2.7968071846817653e-07
Reduced,0.3,1.0,800.0,0.16615485892134355,7.566395713318636e-05,4.428946243570246e-06,4.409501543693448e-12
Reduced,0.3,1.0,810.0,0.16614448904314344,0.00022103252421082342,1.218634702574844e-05,4.585364429724684e-11
Reduced,0.3,1.0,820.0,0.16608480007504695,0.0006429633481422218,2.766520533295356e-05,4.477219604606878e-10
Reduced,0.3,1.0,830.0,3.8236312116734283e-07,0.2915915005733014,0.0033267157166944187,2.5129760150162145e-07
Reduced,0.3,1.0,840.0,3.6773461320832953e-07,0.29111181111820283,0.0033717420204666553,2.4945685799317746e-07
Reduced,0.3,1.0,850.0,3.5413597705396853e-07,0.29062710559604515,0.0034174278384030117,2.479039820405882e-07
Reduced,0.3,1.0,860.0,3.4070622483352394e-07,0.2901375913772669,0.003463279503026537,2.4637356767992623e-07
Reduced,0.3,1.0,870.0,3.282245722378675e-07,0.28964314379689704,0.0035098014123446765,2.4511418627173775e-07
Reduced,0.3,1.0,880.0,3.163808240478738e-07,0.2891438640407079,0.0035568298823182424,2.4403232099804505e-07
Reduced,0.3,1.0,890.0,3.0513995591974584e-07,0.2886398003083349,0.0036043663414650888,2.4312038483055523e-07
Reduced,0.3,1.0,900.0,2.9446903002565604e-07,0.2881310036672714,0.0036524107893559196,2.423711042338489e-07
Reduced,0.3,1.0,910.0,2.8410848837140345e-07,0.2876175717196798,0.003700805692554323,2.417051782431138e-07
Reduced,0.3,1.0,920.0,2.7471491425544914e-07,0.28709943070783045,0.003750016985821101,2.413329166525382e-07
Reduced,0.3,1.0,930.0,2.6557515045334734e-07,0.2865767715272203,0.003799572303040793,2.4103092944201114e-07
Reduced,0.3,1.0,940.0,2.568919596956956e-07,0.28604961386081773,0.003849622896364787,2.4086541453141693e-07
Reduced,0.3,1.0,950.0,2.486410397404986e-07,0.28551802422969347,0.0039001627824567717,2.408304964773277e-07
Reduced,0.3,1.0,960.0,2.407995061709244e-07,0.2849820724709533,0.00395118499381202,2.4092054510257705e-07
Reduced,0.3,1.0,970.0,2.3334580370623797e-07,0.2844418318151185,0.00400268164066494,2.4113016410524146e-07
Reduced,0.3,1.0,980.0,2.2625962414354895e-07,0.28389737896523487,0.004054643969331078,2.414541802017143e-07
Reduced,0.3,1.0,990.0,2.1952182808480696e-07,0.28334879417045983,0.004107062416178333,2.418876320597734e-07
Reduced,0.3,1.0,1000.0,2.1311437302213587e-07,0.2827961613038487,0.004159926658006108,2.424257599564181e-07
Reduced,0.3,1.0,1010.0,2.0702008418177321e-07,0.2822395528218786,0.004213227106254379,2.4306401400291004e-07
Reduced,0.3,1.0,1020.0,2.012225149973826e-07,0.281679017850827,0.004266956106062339,2.4379807288824104e-07
Reduced,0.3,1.0,1030.0,1.9570625437452034e-07,0.2811146135540393,0.004321104981784352,2.446238050506714e-07
Reduced,0.3,1.0,1040.0,1.9045676511889883e-07,0.28054639614121535,0.004375664938316055,2.4553726820009846e-07
Reduced,0.3,1.0,1050.0,1.8546034180856628e-07,0.27997442195364314,0.004430626994591188,2.46534699094421e-07
Reduced,0.3,1.0,1060.0,1.8070405959976598e-07,0.2793987474356083,0.004485982020119508,2.476125048636604e-07
Reduced,0.3,1.0,1070.0,1.761757262871433e-07,0.2788194291069745,0.004541720768065748,2.4876725469208104e-07
Reduced,0.3,1.0,1080.0,1.7186383742659883e-07,0.2782365235368857,0.004597833905111611,2.499956718612332e-07
Reduced,0.3,1.0,1090.0,1.6775753451339426e-07,0.27765008731849194,0.004654312038476558,2.512946262104464e-07
Reduced,0.3,1.0,1100.0,1.6384656478281576e-07,0.27706017704481073,0.00471114573935995,2.5266112660698296e-07
Reduced,0.3,1.0,1110.0,1.6025725658606586e-07,0.2764668339124256,0.004768436591971712,2.5413529682508416e-07
Reduced,0.3,1.0,1120.0,1.5657243014804022e-07,0.27587016056346114,0.004825842080268443,2.5558545701600396e-07
Reduced,0.3,1.0,1130.0,1.5319147289997974e-07,0.27527016733562265,0.004883685868546512,2.5713794073899207e-07
Reduced,0.3,1.0,1140.0,1.49970201981987e-07,0.27466692596995784,0.004941847553337848,2.587472658370769e-07
Reduced,0.3,1.0,1150.0,1.4690088945676503e-07,0.2740604927268018,0.005000317808297167,2.6041104034201634e-07
Reduced,0.3,1.0,1160.0,1.4397622542266874e-07,0.27345092373949575,0.005059087369881616,2.6212697491009446e-07
Reduced,0.3,1.0,1170.0,1.4118929278299218e-07,0.27283827499609303,0.005118147047319228,2.638928776091171e-07
Reduced,0.3,1.0,1180.0,1.3853354424423968e-07,0.2722226023217088,0.005177487731747978,2.6570664918187956e-07
Reduced,0.3,1.0,1190.0,1.360027804653226e-07,0.27160396136160314,0.005237100403923587,2.675662784583069e-07
Reduced,0.3,1.0,1200.0,1.335911295056795e-07,0.2709824075649371,0.00529697614078284,2.6946983798482613e-07
Reduced,0.3,1.0,1210.0,1.3129302794448282e-07,0.2703579961691565,0.005357106121344512,2.7141548000570513e-07
Reduced,0.3,1.0,1220.0,1.291032027961622e-07,0.26973078218504026,0.0054174816314258075,2.734014325324388e-07
Reduced,0.3,1.0,1230.0,1.2691264103660044e-07,0.26910082605779245,0.005478006907398289,2.753936960733271e-07
Reduced,0.3,1.0,1240.0,1.2502864207821915e-07,0.2684681652760967,0.005538934940967262,2.7748753810474944e-07
Reduced,0.3,1.0,1250.0,1.2313466656919394e-07,0.2678328711133548,0.005599995879111802,2.795844938917384e-07
Reduced,0.3,1.0,1260.0,1.213304589277591e-07,0.2671949918607003,0.005661268629048931,2.8171535924803143e-07
Reduced,0.3,1.0,1270.0,1.1970805814715652e-07,0.26655457788694153,0.005722825683259512,2.839082943797029e-07
Reduced,0.3,1.0,1280.0,1.1797533903377408e-07,0.2659116924777536,0.005784417157286424,2.8607309695837953e-07
Reduced,0.3,1.0,1290.0,1.1641692110859499e-07,0.26526637877248,0.005846277038046331,2.8829724690390414e-07
Reduced,0.3,1.0,1300.0,1.1493323747290519e-07,0.26461869280593436,0.005908316936897008,2.9054985644308915e-07
Optimized,0.0,1.0,800.0,0.21881796911769236,2.2178125561964165e-07,1.4667097851237395e-08,3.1818533811920725e-16
Optimized,0.0,1.0,810.0,0.21881773644622507,3.8085566194941045e-07,2.1979235150193033e-08,8.805643196621401e-16
Optimized,0.0,1.0,820.0,0.21881737720835268,6.445391477043704e-07,3.2047599998685685e-08,2.4141725706530296e-15
Optimized,0.0,1.0,830.0,0.21881682849121195,1.0733211516133397e-06,4.559927528835849e-08,6.437900563780316e-15
Optimized,0.0,1.0,840.0,0.2188159996839555,1.7577475263625874e-06,6.350214902984137e-08,1.6559784231916314e-14
Optimized,0.0,1.0,850.0,0.2188147606800081,2.8318716771433358e-06,8.679506234410286e-08,4.111485446125549e-14
Optimized,0.0,1.0,860.0,0.2188129251974675,4.4921914006680186e-06,1.1670386217728446e-07,9.919173394239341e-14
Optimized,0.0,1.0,870.0,0.21881022868962074,7.023174879441265e-06,1.5462876002174215e-07,2.345362006227372e-13
Optimized,0.0,1.0,880.0,0.2188063003884703,1.083066627303784e-05,2.0211039071709056e-07,5.471906612049692e-13
Optimized,0.0,1.0,890.0,0.21880062770956907,1.6485875717530503e-05,2.6080215338271006e-07,1.263668695997413e-12
Optimized,0.0,1.0,900.0,0.21879250930923702,2.4785037400234552e-05,3.32472493457292e-07,2.8886684898409066e-12
Optimized,0.0,1.0,910.0,0.21878099137745508,3.683273306003737e-05,4.1904272874631795e-07,6.526362759632329e-12
Optimized,0.0,1.0,920.0,0.21876477962379678,5.416095856000494e-05,5.226525619626467e-07,1.4551349016155085e-11
Optimized,0.0,1.0,930.0,0.21874211553082987,7.890256173418164e-05,6.457359497757214e-07,3.200198023551102e-11
Optimized,0.0,1.0,940.0,0.2187105987294961,0.00011404776253629558,7.910714280774048e-07,6.948513097588652e-11
Optimized,0.0,1.0,950.0,0.21866692691735456,0.00016382633379269512,9.617339592529904e-07,1.4930288126614916e-10
Optimized,0.0,1.0,960.0,0.21860650929050185,0.00023427541631078103,1.1608311203422364e-06,3.185512701952051e-10
Optimized,0.0,1.0,970.0,0.2185228831587118,0.0003340800732234759,1.3909217665986656e-06,6.773486800798073e-10
Optimized,0.0,1.0,980.0,0.21840679786119196,0.000475854284019749,1.6532348151245057e-06,1.4397002353628467e-09
Optimized,0.0,1.0,990.0,0.21824463011252096,0.000678312987586733,1.94727448475106e-06,3.065541294805174e-09
Optimized,0.0,1.0,1000.0,0.2180152225349516,0.000970609843418021,2.2716576744091912e-06,6.558900827502019e-09
Optimized,0.0,1.0,1010.0,0.2176825415607057,0.0014024737542933088,2.6266232822397806e-06,1.4213550444740747e-08
Optimized,0.0,1.0,1020.0,0.21717520816053554,0.0020725171164785974,3.0187276888227867e-06,3.186213213401307e-08
Optimized,0.0,1.0,1030.0,0.21630427688345252,0.0032418434467461465,3.475161213783499e-06,7.86318446097226e-08
Optimized,0.0,1.0,1040.0,3.1321866511388276e-07,0.27967845244190775,0.0037179924998142597,2.0141307122940185e-07
Optimized,0.0,1.0,1050.0,3.0211106555363306e-07,0.2791449032932149,0.003772889905307541,2.0281202414112473e-07
Optimized,0.0,1.0,1060.0,2.915710984090777e-07,0.2786070721930361,0.00382814512619214,2.042797286516553e-07
Optimized,0.0,1.0,1070.0,2.8156708144589884e-07,0.2780650133166049,0.003883754982658401,2.058132760965201e-07
Optimized,0.0,1.0,1080.0,2.72069280251041e-07,0.27751878134724817,0.003939715830127369,2.0740988821586028e-07
Optimized,0.0,1.0,1090.0,2.6304977996112046e-07,0.2769684314348803,0.0039960235986622504,2.09066910833358e-07
Optimized,0.0,1.0,1100.0,2.544823657635526e-07,0.27641401915544,0.004052673830622296,2.107818077888438e-07
Optimized,0.0,1.0,1110.0,2.463424115688729e-07,0.2758556004713115,0.004109661716463018,2.1255215512493078e-07
Optimized,0.0,1.0,1120.0,2.386067762918451e-07,0.2752932316927696,0.004166982128627577,2.1437563552621423e-07
Optimized,0.0,1.0,1130.0,2.3125370721596162e-07,0.2747269694404599,0.004224629653507825,2.16250033007833e-07
Optimized,0.0,1.0,1140.0,2.2426274995097426e-07,0.2741568706089403,0.00428259862148116,2.1817322784912296e-07
Optimized,0.0,1.0,1150.0,2.1761466452584936e-07,0.27358299233127836,0.004340883135052107,2.2014319176682204e-07
Optimized,0.0,1.0,1160.0,2.112913471906612e-07,0.27300539194471773,0.00439947709514301,2.2215798332151964e-07
Optimized,0.0,1.0,1170.0,2.0527575752987463e-07,0.2724241269574029,0.004458374225593868,2.2421574355035637e-07
Optimized,0.0,1.0,1180.0,1.9955185051685032e-07,0.27183925501615885,0.004517568095939129,2.2631469181842985e-07
Optimized,0.0,1.0,1190.0,1.9410451316492445e-07,0.27125083387531634,0.004577052142536967,2.2845312188098285e-07
Optimized,0.0,1.0,1200.0,1.8891950545424702e-07,0.270658921366571,0.004636819688131599,2.306293981483434e-07
Optimized,0.0,1.0,1210.0,1.839834052360964e-07,0.2700635753698619,0.004696863959930449,2.3284195214516157e-07
Optimized,0.0,1.0,1220.0,1.7928355683706335e-07,0.26946485378525886,0.004757178106280329,2.350892791557665e-07
Optimized,0.0,1.0,1230.0,1.7480802310514116e-07,0.2688628145058382,0.0048177552120261145,2.3736993504721273e-07
Optimized,0.0,1.0,1240.0,1.7054554065785494e-07,0.26825751539153314,0.0048785883126325124,2.3968253326186046e-07
Optimized,0.0,1.0,1250.0,1.6648547810946234e-07,0.26764901424394233,0.004939670407150794,2.420257419713627e-07
Optimized,0.0,1.0,1260.0,1.6261779707017044e-07,0.2670373687820772,0.0050009944701059445,2.4439828138415374e-07
Optimized,0.0,1.0,1270.0,1.589330157247708e-07,0.26642263661903165,0.005062553462379212,2.46798921198723e-07
Optimized,0.0,1.0,1280.0,1.5542217481197867e-07,0.2658048752395573,0.005124340341156743,2.49226478195282e-07
Optimized,0.0,1.0,1290.0,1.520768058382748e-07,0.2651841419785246,0.005186348069010973,2.5167981395849327e-07
Optimized,0.0,1.0,1300.0,1.488889013719685e-07,0.26456049400024917,0.005248569622178953,2.541578327244536e-07
Optimized,0.05,1.0,800.0,0.2106192958156201,5.046437155637839e-06,8.001442628007188e-07,1.5365480819549309e-13
Optimized,0.05,1.0,810.0,0.21061825215824623,1.1035559848263973e-05,1.6650028574538577e-06,8.548400198298663e-13
Optimized,0.05,1.0,820.0,0.2106156939529999,2.2728397047104457e-05,3.0635955021818882e-06,3.915123502264704e-12
Optimized,0.05,1.0,830.0,0.2106102270588929,4.418635531493549e-05,5.008466445362774e-06,1.48124117573318e-11
Optimized,0.05,1.0,840.0,0.2105996274353048,8.187035326942813e-05,7.385193614130428e-06,4.8786454054163026e-11
Optimized,0.05,1.0,850.0,0.2105802491182872,0.00014688048372071114,9.991832258747844e-06,1.4873713761213965e-10
Optimized,0.05,1.0,860.0,0.21054548293363967,0.00026091211433601946,1.2565137231190445e-05,4.475611443781955e-10
Optimized,0.05,1.0,870.0,0.21048153532771094,0.000474354313128911,1.4722603142374743e-05,1.4427105310042787e-09
Optimized,0.05,1.0,880.0,0.21035042422231823,0.000953570817628785,1.5646063574360015e-05,5.94246410494925e-09
Optimized,0.05,1.0,890.0,0.20992107586074815,0.007713930672851006,2.8185757183612437e-06,5.195163801932535e-07
Optimized,0.05,1.0,900.0,0.2090331332166503,0.011013026864457978,1.5790135622913297e-06,8.560313410543011e-07
Optimized,0.05,1.0,910.0,0.20659886451020035,0.015561092867950179,1.3110974239120011e-06,1.3851321852727258e-06
Optimized,0.05,1.0,920.0,4.5761151263522824e-07,0.2859651729961739,0.003169076224640954,1.9005230757369225e-07
Optimized,0.05,1.0,930.0,4.388754909338511e-07,0.2854804670633535,0.003219973921510717,1.9059258449780348e-07
Optimized,0.05,1.0,940.0,4.2113994626449354e-07,0.28499082427810213,0.0032712433089321542,1.9123722903105312e-07
Optimized,0.05,1.0,950.0,4.043471550611652e-07,0.2844963001687884,0.003322886922533748,1.9198184994716986e-07
Optimized,0.05,1.0,960.0,3.884429996690919e-07,0.28399695374039263,0.0033749062018581253,1.9282223081193287e-07
Optimized,0.05,1.0,970.0,3.733767307806655e-07,0.28349284754871296,0.0034273015103466332,1.9375432218004578e-07
Optimized,0.05,1.0,980.0,3.591007460833789e-07,0.2829840477703685,0.0034800721596532896,1.9477423394422314e-07
Optimized,0.05,1.0,990.0,3.4557038336767107e-07,0.28247062427347647,0.003533216436647823,1.9587822775325748e-07
Optimized,0.05,1.0,1000.0,3.3274372781444893e-07,0.2819526506836291,0.0035867316329769284,1.9706270963310636e-07
Optimized,0.05,1.0,1010.0,3.205815037730184e-07,0.28143020761545745,0.003640613749718363,1.983242149425827e-07
Optimized,0.05,1.0,1020.0,3.090463867506741e-07,0.2809033592664691,0.0036948599461576787,1.9965946024414444e-07
Optimized,0.05,1.0,1030.0,2.9810307554645265e-07,0.28037215835429197,0.0037494680550709024,2.0106533473679828e-07
Optimized,0.05,1.0,1040.0,2.877184425795608e-07,0.27983665797667623,0.0038044353935593744,2.0253886702984275e-07
Optimized,0.05,1.0,1050.0,2.77861397695727e-07,0.27929691178618354,0.003859758782447252,2.0407721833124145e-07
Optimized,0.05,1.0,1060.0,2.68502753115698e-07,0.2787529739486672,0.0039154345858485335,2.056776759774661e-07
Optimized,0.05,1.0,1070.0,2.5961509993501585e-07,0.2782048991026167,0.003971458749876618,2.0733764749703262e-07
Optimized,0.05,1.0,1080.0,2.511726915267373e-07,0.2776527423193604,0.004027826839240013,2.0905465472887225e-07
Optimized,0.05,1.0,1090.0,2.43151335512498e-07,0.2770965590642127,0.004084534072249753,2.1082632826381107e-07
Optimized,0.05,1.0,1100.0,2.3552829288466947e-07,0.27653640515857275,0.00414157535394504,2.1265040210206323e-07
Optimized,0.05,1.0,1110.0,2.2828218387377717e-07,0.2759723367430194,0.0041989453073120195,2.1452470853643629e-07
Optimized,0.05,1.0,1120.0,2.2119358062577693e-07,0.27540440332468635,0.00425656289940303,2.1642318161413036e-07
Optimized,0.05,1.0,1130.0,2.1484152401528374e-07,0.27483268232594205,0.0043146484853803565,2.184158108497042e-07
Optimized,0.05,1.0,1140.0,2.086102501278954e-07,0.27425720988335933,0.0043729698012336645,2.2042872006033989e-07
Optimized,0.05,1.0,1150.0,2.0249914079009007e-07,0.27367804142832647,0.0044315231956656405,2.2246186885282577e-07
Optimized,0.05,1.0,1160.0,1.9704193707443298e-07,0.27309525983998656,0.004490520761817308,2.2458014547490023e-07
Optimized,0.05,1.0,1170.0,1.9150086835722e-07,0.27250888725482036,0.004549666452122751,2.266941261949085e-07
Optimized,0.05,1.0,1180.0,1.865652107598591e-07,0.2719190182712092,0.004609239636101003,2.2888777233719542e-07
Optimized,0.05,1.0,1190.0,1.8170163660588642e-07,0.27132568175683786,0.00466902041876228,2.3109619127106523e-07
Optimized,0.05,1.0,1200.0,1.7707105762911234e-07,0.27072894476978293,0.004729073055444281,2.3333902451933896e-07
Optimized,0.05,1.0,1210.0,1.726617202082374e-07,0.27012886483397025,0.004789390680712108,2.3561485465704365e-07
Optimized,0.05,1.0,1220.0,1.6846253133232034e-07,0.2695254994525573,0.004849966378754915,2.3792232018234086e-07
Optimized,0.05,1.0,1230.0,1.644630203733363e-07,0.2689189060830516,0.00491079319727183,2.4026011308927976e-07
Optimized,0.05,1.0,1240.0,1.6079777556622587e-07,0.2683091545367227,0.004971929103197289,2.426448218553975e-07
Optimized,0.05,1.0,1250.0,1.570240231477889e-07,0.26769626483650155,0.005033172268419579,2.450216995345111e-07
Optimized,0.05,1.0,1260.0,1.5370372622577298e-07,0.2670803445219251,0.005094773713475755,2.474601466331849e-07
Optimized,0.05,1.0,1270.0,1.5040596561884702e-07,0.2664614123420462,0.005156534263265103,2.499067547124015e-07
Optimized,0.05,1.0,1280.0,1.47132989280194e-07,0.2658395242504714,0.005218449552839587,2.523616193530716e-07
Optimized,0.05,1.0,1290.0,1.4426946131763676e-07,0.265214778038767,0.005280696958101834,2.5487246827166153e-07
Optimized,0.05,1.0,1300.0,1.4129167980573024e-07,0.2645871748873793,0.005343025468925342,2.5737400297756125e-07
Optimized,0.3,1.0,800.0,0.16615336117917576,2.4356215747852623e-05,1.868526288759276e-06,1.0090809395605842e-12
Optimized,0.3,1.0,810.0,0.1661507740885338,7.133988770770184e-05,6.1432682032645064e-06,1.0861410372639113e-11
Optimized,0.3,1.0,820.0,0.16613535255469017,0.00019749125972528799,1.632349282330627e-05,7.909683312970852e-11
Optimized,0.3,1.0,830.0,0.16607479169714742,0.0005271658312056549,3.5233847806628795e-05,4.603421274409323e-10
Optimized,0.3,1.0,840.0,0.1658128874812603,0.0016456901408406542,6.893822595411905e-05,3.3907717962089816e-09
Optimized,0.3,1.0,850.0,3.4453976016131564e-07,0.29065156760686967,0.003276201075473658,1.8229918782289968e-07
Optimized,0.3,1.0,860.0,3.3119028693981473e-07,0.2901607192135154,0.0033268908058654988,1.8334729099361695e-07
Optimized,0.3,1.0,870.0,3.187798470317198e-07,0.2896650157872432,0.0033780430519574525,1.8450084577189042e-07
Optimized,0.3,1.0,880.0,3.070066184269405e-07,0.28916453913528695,0.0034295881884241993,1.8572750542290337e-07
Optimized,0.3,1.0,890.0,2.958355567761876e-07,0.28865933562713153,0.0034815251939489997,1.8702441861454144e-07
Optimized,0.3,1.0,900.0,2.852337221268886e-07,0.28814945445090046,0.003533852284943591,1.883888440257065e-07
Optimized,0.3,1.0,910.0,2.7495001394027577e-07,0.28763497740496907,0.0035864991028307413,1.8979313719968678e-07
Optimized,0.3,1.0,920.0,2.6561569698412314e-07,0.28711587047543585,0.003639665912179513,1.9130978147192778e-07
Optimized,0.3,1.0,930.0,2.565429811350534e-07,0.28659228094094474,0.00369314527212955,1.9286130945398994e-07
Optimized,0.3,1.0,940.0,2.4792621499660907e-07,0.2860642404417806,0.0037470004089827287,1.9447037089705854e-07
Optimized,0.3,1.0,950.0,2.3974113118711093e-07,0.28553181357419694,0.0038012260615303975,1.9613469099218916e-07
Optimized,0.3,1.0,960.0,2.3196488118158144e-07,0.28499506827261994,0.00385581633638901,1.97852072835875e-07
Optimized,0.3,1.0,970.0,2.2457594580386484e-07,0.2844540758950266,0.003910764726935256,1.9962039272880838e-07
Optimized,0.3,1.0,980.0,2.1755405148419536e-07,0.28390891130448,0.003966064131485413,2.014375956664055e-07
Optimized,0.3,1.0,990.0,2.108800920284033e-07,0.2833596529508049,0.004021706870283077,2.0330169101547065e-07
Optimized,0.3,1.0,1000.0,2.0453605566739892e-07,0.2828063829529222,0.004077684701260646,2.0521074838794256e-07
Optimized,0.3,1.0,1010.0,1.9850479803729346e-07,0.28224917204391015,0.004133990363377354,2.071629471493298e-07
Optimized,0.3,1.0,1020.0,1.9276990100990132e-07,0.28168806765527304,0.004190618789750524,2.0915661889045184e-07
Optimized,0.3,1.0,1030.0,1.8731598121766162e-07,0.2811231253216137,0.004247563949538167,2.1119013658325068e-07
Optimized,0.3,1.0,1040.0,1.821285244928041e-07,0.2805543996816006,0.0043048197737766344,2.1326194173538643e-07
Optimized,0.3,1.0,1050.0,1.7719384614830887e-07,0.2799819455648836,0.004362380062272246,2.1537053768964572e-07
Optimized,0.3,1.0,1060.0,1.724990392855969e-07,0.2794058179638035,0.004420238500944903,2.1751448659230906e-07
Optimized,0.3,1.0,1070.0,1.6803192696282751e-07,0.27882607200581383,0.004478388678119303,2.196924065712971e-07
Optimized,0.3,1.0,1080.0,1.6378101761781674e-07,0.2782427629266577,0.004536824099691842,2.219029690734616e-07
Optimized,0.3,1.0,1090.0,1.5973546294388235e-07,0.2776559460443445,0.004595538203007894,2.2414489628394974e-07
Optimized,0.3,1.0,1100.0,1.5588501887360078e-07,0.2770656767338452,0.004654524369835484,2.2641695872359154e-07
Optimized,0.3,1.0,1110.0,1.5234741687813087e-07,0.2764720003785416,0.0047138311343220525,2.287332095967667e-07
Optimized,0.3,1.0,1120.0,1.4873128977089742e-07,0.2758750024665652,0.00477328621374525,2.3104679936517478e-07
Optimized,0.3,1.0,1130.0,1.4541021913134353e-07,0.27527470832753276,0.004833048478980019,2.3340234014047134e-07
Optimized,0.3,1.0,1140.0,1.4224862615823937e-07,0.27467118335043667,0.004893056003623983,2.35783537315685e-07
Optimized,0.3,1.0,1150.0,1.3923878256322532e-07,0.2740644828420107,0.00495330205239861,2.3818937084868517e-07
Optimized,0.3,1.0,1160.0,1.3637337683407817e-07,0.2734546620298618,0.005013779893181408,2.406188569230581e-07
Optimized,0.3,1.0,1170.0,1.3364548931002142e-07,0.27284177604234694,0.00507448280407063,2.430710462494089e-07
Optimized,0.3,1.0,1180.0,1.3104856907422176e-07,0.27222587988913244,0.005135404079950453,2.455450224851917e-07
Optimized,0.3,1.0,1190.0,1.285764123576749e-07,0.2716070284424528,0.005196537038508906,2.480399007445986e-07
Optimized,0.3,1.0,1200.0,1.262231422756619e-07,0.2709852764190539,0.00525787502572756,2.505548261834591e-07
Optimized,0.3,1.0,1210.0,1.239831896974396e-07,0.2703606783628134,0.005319411420816092,2.530889726423016e-07
Optimized,0.3,1.0,1220.0,1.2185127547159164e-07,0.26973328862802765,0.005381139640777205,2.556415413802527e-07
Optimized,0.3,1.0,1230.0,1.1972697707284544e-07,0.269103164305575,0.005443006425861051,2.5820013731141017e-07
Optimized,0.3,1.0,1240.0,1.1789179602901246e-07,0.26847035049636214,0.0055051454366224105,2.6079888064516516e-07
Optimized,0.3,1.0,1250.0,1.1605497701513394e-07,0.2678349097188147,0.005567410070684354,2.6340218024120884e-07
Optimized,0.3,1.0,1260.0,1.1430766020587074e-07,0.2671968924724413,0.00562984065240251,2.6602095814183136e-07
Optimized,0.3,1.0,1270.0,1.1273327360553417e-07,0.2665563507834454,0.005692475106020793,2.686652431786057e-07
Optimized,0.3,1.0,1280.0,1.1106549581922685e-07,0.26591334100939523,0.005755174358374285,2.713022558352763e-07
Optimized,0.3,1.0,1290.0,1.0956312791941922e-07,0.26526791230715435,0.005818064977950787,2.739634809077253e-07
Optimized,0.3,1.0,1300.0,1.0813519947854065e-07,0.26462011814078845,0.005881096540060246,2.7663759314782676e-07
