mechanism,XH2_fuel,P_atm,T_unburned_K,phi,Su_m_s
Full,0.0,1.0,298.0,0.7,0.03178891823758334
Full,0.0,1.0,298.0,0.8,0.049305354623682456
Full,0.0,1.0,298.0,0.9,0.06315291500575865
Full,0.0,1.0,298.0,1.0,0.07514977990503931
Full,0.0,1.0,298.0,1.1,0.08688806315700609
Full,0.0,1.0,298.0,1.2,0.08145336700129029
Full,0.0,1.0,298.0,1.3,0.07002829528586334
Full,0.0,1.0,298.0,1.4,0.05885699663797278
Full,0.2,1.0,298.0,0.7,0.06790313846944376
Full,0.2,1.0,298.0,0.8,0.09655808252203137
Full,0.2,1.0,298.0,0.9,0.12043741397482124
Full,0.2,1.0,298.0,1.0,0.14073779826213106
Full,0.2,1.0,298.0,1.1,0.15396766614775087
Full,0.2,1.0,298.0,1.2,0.1442543497475565
Full,0.2,1.0,298.0,1.3,0.1279354643938762
Full,0.2,1.0,298.0,1.4,0.10961172912804605
Full,0.4,1.0,298.0,0.7,0.1497913921535254
Full,0.4,1.0,298.0,0.8,0.20456528121114512
Full,0.4,1.0,298.0,0.9,0.2552358837477831
Full,0.4,1.0,298.0,1.0,0.29754435519510186
Full,0.4,1.0,298.0,1.1,0.3196241792137156
Full,0.4,1.0,298.0,1.2,0.29614297142400725
Full,0.4,1.0,298.0,1.3,0.2556249188519132
Full,0.4,1.0,298.0,1.4,0.22027387086365274
Full,0.6,1.0,298.0,0.7,0.3100944374761697
Full,0.6,1.0,298.0,0.8,0.4221496904629887
Full,0.6,1.0,298.0,0.9,0.527397241918921
Full,0.6,1.0,298.0,1.0,0.6189283606107666
Full,0.6,1.0,298.0,1.1,0.6735376956599932
Full,0.6,1.0,298.0,1.2,0.6755093096096344
Full,0.6,1.0,298.0,1.3,0.6314737184874791
Full,0.6,1.0,298.0,1.4,0.5617332628894045
Full,0.8,1.0,298.0,0.7,0.6100810354401561
Full,0.8,1.0,298.0,0.8,0.8178016816203763
Full,0.8,1.0,298.0,0.9,1.0216558374498725
Full,0.8,1.0,298.0,1.0,1.1945461351547764
Full,0.8,1.0,298.0,1.1,1.3241731930318064
Full,0.8,1.0,298.0,1.2,1.4001045528358034
Full,0.8,1.0,298.0,1.3,1.4217983325315184
Full,0.8,1.0,298.0,1.4,1.3958381711654648
Full,1.0,1.0,298.0,0.7,1.352322667011713
Full,1.0,1.0,298.0,0.8,1.7253259072201275
Full,1.0,1.0,298.0,0.9,2.0533038326471367
Full,1.0,1.0,298.0,1.0,2.334732808796971
Full,1.0,1.0,298.0,1.1,2.564189540321271
Full,1.0,1.0,298.0,1.2,2.747705614996698
Full,1.0,1.0,298.0,1.3,2.8856392946991125
Full,1.0,1.0,298.0,1.4,2.9804907028215486
Reduced,0.0,1.0,298.0,0.7,0.03172157914249813
Reduced,0.0,1.0,298.0,0.8,0.04746859245444238
Reduced,0.0,1.0,298.0,0.9,0.0592232626563202
Reduced,0.0,1.0,298.0,1.0,0.06768604717022302
Reduced,0.0,1.0,298.0,1.1,0.07344420222850054
Reduced,0.0,1.0,298.0,1.2,0.07139335049578975
Reduced,0.0,1.0,298.0,1.3,0.06614237348764865
Reduced,0.0,1.0,298.0,1.4,0.05937791918983291
Reduced,0.2,1.0,298.0,0.7,0.06240948860778436
Reduced,0.2,1.0,298.0,0.8,0.08418800938019987
Reduced,0.2,1.0,298.0,0.9,0.10164055264829498
Reduced,0.2,1.0,298.0,1.0,0.11494063206770011
Reduced,0.2,1.0,298.0,1.1,0.11907920877390982
Reduced,0.2,1.0,298.0,1.2,0.11592866746526526
Reduced,0.2,1.0,298.0,1.3,0.1102773816920689
Reduced,0.2,1.0,298.0,1.4,0.10083535284849231
Reduced,0.4,1.0,298.0,0.7,0.1348887093188042
Reduced,0.4,1.0,298.0,0.8,0.17328295082015
Reduced,0.4,1.0,298.0,0.9,0.20952227641244667
Reduced,0.4,1.0,298.0,1.0,0.23943776353325522
Reduced,0.4,1.0,298.0,1.1,0.24131288954796026
Reduced,0.4,1.0,298.0,1.2,0.21458579026137128
Reduced,0.4,1.0,298.0,1.3,0.2001853815499677
Reduced,0.4,1.0,298.0,1.4,0.1869046766915138
Reduced,0.6,1.0,298.0,0.7,0.31261370966756225
Reduced,0.6,1.0,298.0,0.8,0.4215561678581566
Reduced,0.6,1.0,298.0,0.9,0.5226733962705804
Reduced,0.6,1.0,298.0,1.0,0.6013224147467815
Reduced,0.6,1.0,298.0,1.1,0.6317380520119114
Reduced,0.6,1.0,298.0,1.2,0.5994700638847748
Reduced,0.6,1.0,298.0,1.3,0.5131357779702965
Reduced,0.6,1.0,298.0,1.4,0.41629011696792106
Reduced,0.8,1.0,298.0,0.7,0.6355628845925828
Reduced,0.8,1.0,298.0,0.8,0.8710463169557011
Reduced,0.8,1.0,298.0,0.9,1.0890022469941183
Reduced,0.8,1.0,298.0,1.0,1.2704840303548435
Reduced,0.8,1.0,298.0,1.1,1.3983529849073006
Reduced,0.8,1.0,298.0,1.2,1.4664377973674971
Reduced,0.8,1.0,298.0,1.3,1.4756328468418625
Reduced,0.8,1.0,298.0,1.4,1.4299363436111563
Reduced,1.0,1.0,298.0,0.7,1.473125565971879
Reduced,1.0,1.0,298.0,0.8,1.8271407645375584
Reduced,1.0,1.0,298.0,0.9,2.1300443790875
Reduced,1.0,1.0,298.0,1.0,2.38837811917068
Reduced,1.0,1.0,298.0,1.1,2.5997511967682243
Reduced,1.0,1.0,298.0,1.2,2.766674733214288
Reduced,1.0,1.0,298.0,1.3,2.8985444769851147
Reduced,1.0,1.0,298.0,1.4,2.9935216340812105
Optimized,0.0,1.0,298.0,0.7,0.024904413663567243
Optimized,0.0,1.0,298.0,0.8,0.04144208993460025
Optimized,0.0,1.0,298.0,0.9,0.0579211680622716
Optimized,0.0,1.0,298.0,1.0,0.07624447697196074
Optimized,0.0,1.0,298.0,1.1,0.08632625457923206
Optimized,0.0,1.0,298.0,1.2,0.0795594372579286
Optimized,0.0,1.0,298.0,1.3,0.06972950577323192
Optimized,0.0,1.0,298.0,1.4,0.060573911335007787
Optimized,0.2,1.0,298.0,0.7,0.060699778923772686
Optimized,0.2,1.0,298.0,0.8,0.09000290420112796
Optimized,0.2,1.0,298.0,0.9,0.12133143980319086
Optimized,0.2,1.0,298.0,1.0,0.15241548464862575
Optimized,0.2,1.0,298.0,1.1,0.16020398845872216
Optimized,0.2,1.0,298.0,1.2,0.14414284962335003
Optimized,0.2,1.0,298.0,1.3,0.12883715323345124
Optimized,0.2,1.0,298.0,1.4,0.11379347956503504
Optimized,0.4,1.0,298.0,0.7,0.15035326706634947
Optimized,0.4,1.0,298.0,0.8,0.20902662571123362
Optimized,0.4,1.0,298.0,0.9,0.2769082354689437
Optimized,0.4,1.0,298.0,1.0,0.33310684692631654
Optimized,0.4,1.0,298.0,1.1,0.34878618810814405
Optimized,0.4,1.0,298.0,1.2,0.30291297822105034
Optimized,0.4,1.0,298.0,1.3,0.2501523416297606
Optimized,0.4,1.0,298.0,1.4,0.22031332320619923
Optimized,0.6,1.0,298.0,0.7,0.34949647832411235
Optimized,0.6,1.0,298.0,0.8,0.4716948756409204
Optimized,0.6,1.0,298.0,0.9,0.5932759682688342
Optimized,0.6,1.0,298.0,1.0,0.6899637842877459
Optimized,0.6,1.0,298.0,1.1,0.738562703319519
Optimized,0.6,1.0,298.0,1.2,0.7219758194016933
Optimized,0.6,1.0,298.0,1.3,0.6487232639880469
Optimized,0.6,1.0,298.0,1.4,0.5432911446903312
Optimized,0.8,1.0,298.0,0.7,0.6787996033144851
Optimized,0.8,1.0,298.0,0.8,0.9224794189001689
Optimized,0.8,1.0,298.0,0.9,1.1440341325731516
Optimized,0.8,1.0,298.0,1.0,1.3228129371381245
Optimized,0.8,1.0,298.0,1.1,1.4466310086197853
Optimized,0.8,1.0,298.0,1.2,1.5102363740160663
Optimized,0.8,1.0,298.0,1.3,1.514966019374116
Optimized,0.8,1.0,298.0,1.4,1.4669331424515522
Optimized,1.0,1.0,298.0,0.7,1.4731261142431336
Optimized,1.0,1.0,298.0,0.8,1.827138671826815
Optimized,1.0,1.0,298.0,0.9,2.1300405279516594
Optimized,1.0,1.0,298.0,1.0,2.388373230783036
Optimized,1.0,1.0,298.0,1.1,2.5997458257440305
Optimized,1.0,1.0,298.0,1.2,2.7666692375343316
Optimized,1.0,1.0,298.0,1.3,2.898539069378157
Optimized,1.0,1.0,298.0,1.4,2.9935164431461208
Full,0.0,1.0,298.0,1.0,0.07514977990503931
Full,0.1,1.0,298.0,1.0,0.10080200383023227
Full,0.2,1.0,298.0,1.0,0.14073779826213106
Full,0.3,1.0,298.0,1.0,0.203195032113843
Full,0.4,1.0,298.0,1.0,0.29754435519510186
Full,0.5,1.0,298.0,1.0,0.433296165412362
Full,0.6,1.0,298.0,1.0,0.6189283606107666
Full,0.7,1.0,298.0,1.0,0.8615555455960208
Full,0.8,1.0,298.0,1.0,1.1945461351547764
Full,0.9,1.0,298.0,1.0,1.641279227236698
Full,1.0,1.0,298.0,1.0,2.334732808796971
Full,0.0,3.0,298.0,1.0,0.05227151615809058
Full,0.1,3.0,298.0,1.0,0.06774750652543962
Full,0.2,3.0,298.0,1.0,0.09044421104873357
Full,0.3,3.0,298.0,1.0,0.12471255968608032
Full,0.4,3.0,298.0,1.0,0.17734114524578903
Full,0.5,3.0,298.0,1.0,0.2602119382838069
Full,0.6,3.0,298.0,1.0,0.3884738568299575
Full,0.7,3.0,298.0,1.0,0.5773495280169495
Full,0.8,3.0,298.0,1.0,0.8689901076944083
Full,0.9,3.0,298.0,1.0,1.3147459993194484
Full,1.0,3.0,298.0,1.0,2.157412526595821
Full,0.0,5.0,298.0,1.0,0.04299717921666111
Full,0.1,5.0,298.0,1.0,0.054980695855119215
Full,0.2,5.0,298.0,1.0,0.07234163736461752
Full,0.3,5.0,298.0,1.0,0.09747329300391641
Full,0.4,5.0,298.0,1.0,0.1363773912991623
Full,0.5,5.0,298.0,1.0,0.1969094988337833
Full,0.6,5.0,298.0,1.0,0.2943933663010644
Full,0.7,5.0,298.0,1.0,0.4495008312361753
Full,0.8,5.0,298.0,1.0,0.6964064896375279
Full,0.9,5.0,298.0,1.0,1.1241001679945735
Full,1.0,5.0,298.0,1.0,1.9698704591058622
Reduced,0.0,1.0,298.0,1.0,0.06768604717022302
Reduced,0.1,1.0,298.0,1.0,0.08654968673630596
Reduced,0.2,1.0,298.0,1.0,0.11494063206770011
Reduced,0.3,1.0,298.0,1.0,0.15971178055823917
Reduced,0.4,1.0,298.0,1.0,0.23943776353325522
Reduced,0.5,1.0,298.0,1.0,0.3791565101975895
Reduced,0.6,1.0,298.0,1.0,0.6013224147467815
Reduced,0.7,1.0,298.0,1.0,0.8988492740962981
Reduced,0.8,1.0,298.0,1.0,1.2704840303548435
Reduced,0.9,1.0,298.0,1.0,1.7217402277948028
Reduced,1.0,1.0,298.0,1.0,2.38837811917068
Reduced,0.0,3.0,298.0,1.0,0.05452963753656017
Reduced,0.1,3.0,298.0,1.0,0.06884169090940735
Reduced,0.2,3.0,298.0,1.0,0.08940775823597688
Reduced,0.3,3.0,298.0,1.0,0.12078928248641974
Reduced,0.4,3.0,298.0,1.0,0.17084284706143582
Reduced,0.5,3.0,298.0,1.0,0.26006428339719495
Reduced,0.6,3.0,298.0,1.0,0.414718350008078
Reduced,0.7,3.0,298.0,1.0,0.6600664737582518
Reduced,0.8,3.0,298.0,1.0,1.0142872724428817
Reduced,0.9,3.0,298.0,1.0,1.537837010403696
Reduced,1.0,3.0,298.0,1.0,2.4037903802705256
Reduced,0.0,5.0,298.0,1.0,0.0474486694499095
Reduced,0.1,5.0,298.0,1.0,0.05958756392853102
Reduced,0.2,5.0,298.0,1.0,0.07702311429850528
Reduced,0.3,5.0,298.0,1.0,0.10203839706225692
Reduced,0.4,5.0,298.0,1.0,0.1421692316675776
Reduced,0.5,5.0,298.0,1.0,0.20913443968175136
Reduced,0.6,5.0,298.0,1.0,0.3296510769355094
Reduced,0.7,5.0,298.0,1.0,0.5367854958961727
Reduced,0.8,5.0,298.0,1.0,0.8668150734449821
Reduced,0.9,5.0,298.0,1.0,1.384412704243985
Reduced,1.0,5.0,298.0,1.0,2.3310681135811606
Optimized,0.0,1.0,298.0,1.0,0.07624447697196074
Optimized,0.1,1.0,298.0,1.0,0.10574167445995489
Optimized,0.2,1.0,298.0,1.0,0.15241548464862575
Optimized,0.3,1.0,298.0,1.0,0.2240501365438806
Optimized,0.4,1.0,298.0,1.0,0.33310684692631654
Optimized,0.5,1.0,298.0,1.0,0.4846014867076347
Optimized,0.6,1.0,298.0,1.0,0.6899637842877459
Optimized,0.7,1.0,298.0,1.0,0.9667543046849294
Optimized,0.8,1.0,298.0,1.0,1.3228129371381245
Optimized,0.9,1.0,298.0,1.0,1.7634206643987995
Optimized,1.0,1.0,298.0,1.0,2.388373230783036
Optimized,0.0,3.0,298.0,1.0,0.045775083958167005
Optimized,0.1,3.0,298.0,1.0,0.06308682152055696
Optimized,0.2,3.0,298.0,1.0,0.09002338347248177
Optimized,0.3,3.0,298.0,1.0,0.13235234009513178
Optimized,0.4,3.0,298.0,1.0,0.20284214071961826
Optimized,0.5,3.0,298.0,1.0,0.3112874962142096
Optimized,0.6,3.0,298.0,1.0,0.4748961247207098
Optimized,0.7,3.0,298.0,1.0,0.7105014431945265
Optimized,0.8,3.0,298.0,1.0,1.0504966564444274
Optimized,0.9,3.0,298.0,1.0,1.563465988536324
Optimized,1.0,3.0,298.0,1.0,2.403601128886374
Optimized,0.0,5.0,298.0,1.0,0.03391612745702538
Optimized,0.1,5.0,298.0,1.0,0.04626410444358383
Optimized,0.2,5.0,298.0,1.0,0.06546095519444552
Optimized,0.3,5.0,298.0,1.0,0.09611162640079439
Optimized,0.4,5.0,298.0,1.0,0.14768735386420143
Optimized,0.5,5.0,298.0,1.0,0.23312882587596473
Optimized,0.6,5.0,298.0,1.0,0.3668530217095191
Optimized,0.7,5.0,298.0,1.0,0.5736938309972902
Optimized,0.8,5.0,298.0,1.0,0.8896873219825485
Optimized,0.9,5.0,298.0,1.0,1.4043030688479239
Optimized,1.0,5.0,298.0,1.0,2.332278751783819
Full,0.4,1.0,298.0,0.7,0.1497913921535254
Full,0.4,1.0,298.0,0.8,0.20456528121114512
Full,0.4,1.0,298.0,0.9,0.2552358837477831
Full,0.4,1.0,298.0,1.0,0.29754435519510186
Full,0.4,1.0,298.0,1.1,0.3196241792137156
Full,0.4,1.0,298.0,1.2,0.29614297142400725
Full,0.4,1.0,298.0,1.3,0.2556249188519132
Full,0.4,1.0,298.0,1.4,0.22027387086365274
Full,0.4,1.0,298.0,1.5,0.19179117971199083
Full,0.4,3.0,298.0,0.7,0.08415571330468623
Full,0.4,3.0,298.0,0.8,0.12080804282646358
Full,0.4,3.0,298.0,0.9,0.1513260824070129
Full,0.4,3.0,298.0,1.0,0.17734114524578903
Full,0.4,3.0,298.0,1.1,0.19787282800152556
Full,0.4,3.0,298.0,1.2,0.1858609109673729
Full,0.4,3.0,298.0,1.3,0.16460269484835321
Full,0.4,3.0,298.0,1.4,0.14261210800007015
Full,0.4,3.0,298.0,1.5,0.12338226665987609
Full,0.4,5.0,298.0,0.7,0.06196764724627736
Full,0.4,5.0,298.0,0.8,0.09168976811143596
Full,0.4,5.0,298.0,0.9,0.11672230257432428
Full,0.4,5.0,298.0,1.0,0.1363773912991623
Full,0.4,5.0,298.0,1.1,0.15430459262869495
Full,0.4,5.0,298.0,1.2,0.14499111226784583
Full,0.4,5.0,298.0,1.3,0.12721799383878069
Full,0.4,5.0,298.0,1.4,0.1106627548331196
Full,0.4,5.0,298.0,1.5,0.09609376273965368
Reduced,0.4,1.0,298.0,0.7,0.1348887093188042
Reduced,0.4,1.0,298.0,0.8,0.17328295082015
Reduced,0.4,1.0,298.0,0.9,0.20952227641244667
Reduced,0.4,1.0,298.0,1.0,0.23943776353325522
Reduced,0.4,1.0,298.0,1.1,0.24131288954796026
Reduced,0.4,1.0,298.0,1.2,0.21458579026137128
Reduced,0.4,1.0,298.0,1.3,0.2001853815499677
Reduced,0.4,1.0,298.0,1.4,0.1869046766915138
Reduced,0.4,1.0,298.0,1.5,0.17315901123992944
Reduced,0.4,3.0,298.0,0.7,0.0854331466251641
Reduced,0.4,3.0,298.0,0.8,0.11852413256082896
Reduced,0.4,3.0,298.0,0.9,0.14652148199580742
Reduced,0.4,3.0,298.0,1.0,0.17084284706143582
Reduced,0.4,3.0,298.0,1.1,0.18021797116719568
Reduced,0.4,3.0,298.0,1.2,0.17015595237661071
Reduced,0.4,3.0,298.0,1.3,0.15977233331257015
Reduced,0.4,3.0,298.0,1.4,0.1475065607137025
Reduced,0.4,3.0,298.0,1.5,0.13478340117283993
Reduced,0.4,5.0,298.0,0.7,0.0655919103628151
Reduced,0.4,5.0,298.0,0.8,0.09588997299320784
Reduced,0.4,5.0,298.0,0.9,0.1210456938938576
Reduced,0.4,5.0,298.0,1.0,0.1421692316675776
Reduced,0.4,5.0,298.0,1.1,0.1530087439382097
Reduced,0.4,5.0,298.0,1.2,0.14651342823072797
Reduced,0.4,5.0,298.0,1.3,0.13690756004457336
Reduced,0.4,5.0,298.0,1.4,0.12564068536219403
Reduced,0.4,5.0,298.0,1.5,0.11418417063972992
Optimized,0.4,1.0,298.0,0.7,0.15035326706634947
Optimized,0.4,1.0,298.0,0.8,0.20902662571123362
Optimized,0.4,1.0,298.0,0.9,0.2769082354689437
Optimized,0.4,1.0,298.0,1.0,0.33310684692631654
Optimized,0.4,1.0,298.0,1.1,0.34878618810814405
Optimized,0.4,1.0,298.0,1.2,0.30291297822105034
Optimized,0.4,1.0,298.0,1.3,0.2501523416297606
Optimized,0.4,1.0,298.0,1.4,0.22031332320619923
Optimized,0.4,1.0,298.0,1.5,0.1963827313679849
Optimized,0.4,3.0,298.0,0.7,0.07399083961992087
Optimized,0.4,3.0,298.0,0.8,0.11670607770438927
Optimized,0.4,3.0,298.0,0.9,0.15937590486337042
Optimized,0.4,3.0,298.0,1.0,0.20284214071961826
Optimized,0.4,3.0,298.0,1.1,0.22045334873161157
Optimized,0.4,3.0,298.0,1.2,0.19108533910351877
Optimized,0.4,3.0,298.0,1.3,0.16812453896528629
Optimized,0.4,3.0,298.0,1.4,0.14835095998330947
Optimized,0.4,3.0,298.0,1.5,0.13095417002052528
Optimized,0.4,5.0,298.0,0.7,0.04566022228489798
Optimized,0.4,5.0,298.0,0.8,0.08032959274510766
Optimized,0.4,5.0,298.0,0.9,0.11514765092442142
Optimized,0.4,5.0,298.0,1.0,0.14768735386420143
Optimized,0.4,5.0,298.0,1.1,0.1627125570768197
Optimized,0.4,5.0,298.0,1.2,0.14550521288257182
Optimized,0.4,5.0,298.0,1.3,0.128305730158132
Optimized,0.4,5.0,298.0,1.4,0.11326671922273324
Optimized,0.4,5.0,298.0,1.5,0.10027571006311153
Full,0.0,1.0,298.0,0.8,0.049305354623682456
Full,0.0,1.0,298.0,0.9,0.06315291500575865
Full,0.0,1.0,298.0,1.0,0.07514977990503931
Full,0.0,1.0,298.0,1.1,0.08688806315700609
Full,0.0,1.0,298.0,1.2,0.08145336700129029
Full,0.0,1.0,298.0,1.3,0.07002829528586334
Full,0.0,1.0,298.0,1.4,0.05885699663797278
Full,0.05,1.0,298.0,0.8,0.05771516885772524
Full,0.05,1.0,298.0,0.9,0.0733191505875154
Full,0.05,1.0,298.0,1.0,0.08661266907775855
Full,0.05,1.0,298.0,1.1,0.0992077468429615
Full,0.05,1.0,298.0,1.2,0.09307224467591643
Full,0.05,1.0,298.0,1.3,0.08059108277771883
Full,0.05,1.0,298.0,1.4,0.0684802685217103
Full,0.2,1.0,298.0,0.8,0.09655808252203137
Full,0.2,1.0,298.0,0.9,0.12043741397482124
Full,0.2,1.0,298.0,1.0,0.14073779826213106
Full,0.2,1.0,298.0,1.1,0.15396766614775087
Full,0.2,1.0,298.0,1.2,0.1442543497475565
Full,0.2,1.0,298.0,1.3,0.1279354643938762
Full,0.2,1.0,298.0,1.4,0.10961172912804605
Full,0.4,1.0,298.0,0.8,0.20456528121114512
Full,0.4,1.0,298.0,0.9,0.2552358837477831
Full,0.4,1.0,298.0,1.0,0.29754435519510186
Full,0.4,1.0,298.0,1.1,0.3196241792137156
Full,0.4,1.0,298.0,1.2,0.29614297142400725
Full,0.4,1.0,298.0,1.3,0.2556249188519132
Full,0.4,1.0,298.0,1.4,0.22027387086365274
Full,0.6,1.0,298.0,0.8,0.4221496904629887
Full,0.6,1.0,298.0,0.9,0.527397241918921
Full,0.6,1.0,298.0,1.0,0.6189283606107666
Full,0.6,1.0,298.0,1.1,0.6735376956599932
Full,0.6,1.0,298.0,1.2,0.6755093096096344
Full,0.6,1.0,298.0,1.3,0.6314737184874791
Full,0.6,1.0,298.0,1.4,0.5617332628894045
Full,0.0,1.0,373.0,0.8,0.07905230858482896
Full,0.0,1.0,373.0,0.9,0.09839590933688282
Full,0.0,1.0,373.0,1.0,0.11528144886862154
Full,0.0,1.0,373.0,1.1,0.12944616930647143
Full,0.0,1.0,373.0,1.2,0.12288183248533809
Full,0.0,1.0,373.0,1.3,0.10799250065019673
Full,0.0,1.0,373.0,1.4,0.09247874007706926
Full,0.05,1.0,373.0,0.8,0.09179607229523741
Full,0.05,1.0,373.0,0.9,0.11384875953242324
Full,0.05,1.0,373.0,1.0,0.13243923110972403
Full,0.05,1.0,373.0,1.1,0.14732719127732744
Full,0.05,1.0,373.0,1.2,0.14072165165612727
Full,0.05,1.0,373.0,1.3,0.1236059432841642
Full,0.05,1.0,373.0,1.4,0.10621026056181315
Full,0.2,1.0,373.0,0.8,0.15117715537464907
Full,0.2,1.0,373.0,0.9,0.18452031461322174
Full,0.2,1.0,373.0,1.0,0.21199628257898154
Full,0.2,1.0,373.0,1.1,0.22755296034203254
Full,0.2,1.0,373.0,1.2,0.21357893699267905
Full,0.2,1.0,373.0,1.3,0.1915511474870135
Full,0.2,1.0,373.0,1.4,0.1673417311072979
Full,0.4,1.0,373.0,0.8,0.3154892102476157
Full,0.4,1.0,373.0,0.9,0.38501726471790837
Full,0.4,1.0,373.0,1.0,0.4419209624937821
Full,0.4,1.0,373.0,1.1,0.4663415639330763
Full,0.4,1.0,373.0,1.2,0.43554740491028693
Full,0.4,1.0,373.0,1.3,0.37821161534459197
Full,0.4,1.0,373.0,1.4,0.3282652295123851
Full,0.6,1.0,373.0,0.8,0.6431182018666738
Full,0.6,1.0,373.0,0.9,0.7867623070296174
Full,0.6,1.0,373.0,1.0,0.9057569704987726
Full,0.6,1.0,373.0,1.1,0.9737093793435788
Full,0.6,1.0,373.0,1.2,0.9768241040933844
Full,0.6,1.0,373.0,1.3,0.9198996531159003
Full,0.6,1.0,373.0,1.4,0.8270247639691158
Full,0.0,1.0,423.0,0.8,0.10491591392605078
Full,0.0,1.0,423.0,0.9,0.1288401239197314
Full,0.0,1.0,423.0,1.0,0.14878625328604264
Full,0.0,1.0,423.0,1.1,0.16493397164383117
Full,0.0,1.0,423.0,1.2,0.15753132114136423
Full,0.0,1.0,423.0,1.3,0.14008992809671933
Full,0.0,1.0,423.0,1.4,0.12086169843161315
Full,0.05,1.0,423.0,0.8,0.1214856415510749
Full,0.05,1.0,423.0,0.9,0.14835483136746574
Full,0.05,1.0,423.0,1.0,0.17076364309545314
Full,0.05,1.0,423.0,1.1,0.18655662441174975
Full,0.05,1.0,423.0,1.2,0.17808113170100873
Full,0.05,1.0,423.0,1.3,0.15903727604442244
Full,0.05,1.0,423.0,1.4,0.1385862525066251
Full,0.2,1.0,423.0,0.8,0.1975076109933826
Full,0.2,1.0,423.0,0.9,0.23873296310754522
Full,0.2,1.0,423.0,1.0,0.2711904090742991
Full,0.2,1.0,423.0,1.1,0.28742338506608067
Full,0.2,1.0,423.0,1.2,0.2694962156017306
Full,0.2,1.0,423.0,1.3,0.24340070065585703
Full,0.2,1.0,423.0,1.4,0.21341974711572545
Full,0.4,1.0,423.0,0.8,0.40789294423830363
Full,0.4,1.0,423.0,0.9,0.4922606773466747
Full,0.4,1.0,423.0,1.0,0.5593461825630798
Full,0.4,1.0,423.0,1.1,0.5851374772049954
Full,0.4,1.0,423.0,1.2,0.5480374314125934
Full,0.4,1.0,423.0,1.3,0.4778429937439737
Full,0.4,1.0,423.0,1.4,0.4162477789624381
Full,0.6,1.0,423.0,0.8,0.8264301173948378
Full,0.6,1.0,423.0,0.9,0.9978224366228624
Full,0.6,1.0,423.0,1.0,1.1366274659485376
Full,0.6,1.0,423.0,1.1,1.214009824573169
Full,0.6,1.0,423.0,1.2,1.2168202472483802
Full,0.6,1.0,423.0,1.3,1.1506214712851188
Full,0.6,1.0,423.0,1.4,1.0382945071715899
Full,0.0,1.0,473.0,0.8,0.13643157407537054
Full,0.0,1.0,473.0,0.9,0.16467592527142483
Full,0.0,1.0,473.0,1.0,0.18883402517133202
Full,0.0,1.0,473.0,1.1,0.20583599679384673
Full,0.0,1.0,473.0,1.2,0.19742298563691468
Full,0.0,1.0,473.0,1.3,0.1774926803268706
Full,0.0,1.0,473.0,1.4,0.15559160473491457
Full,0.05,1.0,473.0,0.8,0.15759029980808126
Full,0.05,1.0,473.0,0.9,0.1896109726485712
Full,0.05,1.0,473.0,1.0,0.2162115137263285
Full,0.05,1.0,473.0,1.1,0.2328397003847677
Full,0.05,1.0,473.0,1.2,0.2224978362528749
Full,0.05,1.0,473.0,1.3,0.20075610382705883
Full,0.05,1.0,473.0,1.4,0.17668501754575833
Full,0.2,1.0,473.0,0.8,0.25423814385571475
Full,0.2,1.0,473.0,0.9,0.3027016361039175
Full,0.2,1.0,473.0,1.0,0.3411497102749751
Full,0.2,1.0,473.0,1.1,0.35742906908982985
Full,0.2,1.0,473.0,1.2,0.3345337587820005
Full,0.2,1.0,473.0,1.3,0.3018398136332787
Full,0.2,1.0,473.0,1.4,0.26867828793301024
Full,0.4,1.0,473.0,0.8,0.5191167478278127
Full,0.4,1.0,473.0,0.9,0.6204528456445926
Full,0.4,1.0,473.0,1.0,0.6965788597791644
Full,0.4,1.0,473.0,1.1,0.722447819597835
Full,0.4,1.0,473.0,1.2,0.6776476686712171
Full,0.4,1.0,473.0,1.3,0.5941789457741363
Full,0.4,1.0,473.0,1.4,0.5182408404918945
Full,0.6,1.0,473.0,0.8,1.0449842728955114
Full,0.6,1.0,473.0,0.9,1.2492529877459269
Full,0.6,1.0,473.0,1.0,1.4075861064754045
Full,0.6,1.0,473.0,1.1,1.4944927957322311
Full,0.6,1.0,473.0,1.2,1.4928126791746756
Full,0.6,1.0,473.0,1.3,1.414899774893466
Full,0.6,1.0,473.0,1.4,1.2833806287433327
Reduced,0.0,1.0,298.0,0.8,0.04746859245444238
Reduced,0.0,1.0,298.0,0.9,0.0592232626563202
Reduced,0.0,1.0,298.0,1.0,0.06768604717022302
Reduced,0.0,1.0,298.0,1.1,0.07344420222850054
Reduced,0.0,1.0,298.0,1.2,0.07139335049578975
Reduced,0.0,1.0,298.0,1.3,0.06614237348764865
Reduced,0.0,1.0,298.0,1.4,0.05937791918983291
Reduced,0.05,1.0,298.0,0.8,0.054194096967073856
Reduced,0.05,1.0,298.0,0.9,0.06699381761728822
Reduced,0.05,1.0,298.0,1.0,0.0763077954851966
Reduced,0.05,1.0,298.0,1.1,0.08220332847084323
Reduced,0.05,1.0,298.0,1.2,0.080189862745465
Reduced,0.05,1.0,298.0,1.3,0.07436270805838485
Reduced,0.05,1.0,298.0,1.4,0.06719715512123314
Reduced,0.2,1.0,298.0,0.8,0.08418800938019987
Reduced,0.2,1.0,298.0,0.9,0.10164055264829498
Reduced,0.2,1.0,298.0,1.0,0.11494063206770011
Reduced,0.2,1.0,298.0,1.1,0.11907920877390982
Reduced,0.2,1.0,298.0,1.2,0.11592866746526526
Reduced,0.2,1.0,298.0,1.3,0.1102773816920689
Reduced,0.2,1.0,298.0,1.4,0.10083535284849231
Reduced,0.4,1.0,298.0,0.8,0.17328295082015
Reduced,0.4,1.0,298.0,0.9,0.20952227641244667
Reduced,0.4,1.0,298.0,1.0,0.23943776353325522
Reduced,0.4,1.0,298.0,1.1,0.24131288954796026
Reduced,0.4,1.0,298.0,1.2,0.21458579026137128
Reduced,0.4,1.0,298.0,1.3,0.2001853815499677
Reduced,0.4,1.0,298.0,1.4,0.1869046766915138
Reduced,0.6,1.0,298.0,0.8,0.4215561678581566
Reduced,0.6,1.0,298.0,0.9,0.5226733962705804
Reduced,0.6,1.0,298.0,1.0,0.6013224147467815
Reduced,0.6,1.0,298.0,1.1,0.6317380520119114
Reduced,0.6,1.0,298.0,1.2,0.5994700638847748
Reduced,0.6,1.0,298.0,1.3,0.5131357779702965
Reduced,0.6,1.0,298.0,1.4,0.41629011696792106
Reduced,0.0,1.0,373.0,0.8,0.07550520295844926
Reduced,0.0,1.0,373.0,0.9,0.09180463117166188
Reduced,0.0,1.0,373.0,1.0,0.10353623786638677
Reduced,0.0,1.0,373.0,1.1,0.11035818096488675
Reduced,0.0,1.0,373.0,1.2,0.10805311234927942
Reduced,0.0,1.0,373.0,1.3,0.100162615001693
Reduced,0.0,1.0,373.0,1.4,0.0913901112134585
Reduced,0.05,1.0,373.0,0.8,0.08557295468960817
Reduced,0.05,1.0,373.0,0.9,0.10345803796874814
Reduced,0.05,1.0,373.0,1.0,0.11613877731880784
Reduced,0.05,1.0,373.0,1.1,0.12265650276212374
Reduced,0.05,1.0,373.0,1.2,0.12033833496503035
Reduced,0.05,1.0,373.0,1.3,0.11270007534368608
Reduced,0.05,1.0,373.0,1.4,0.10293055514401828
Reduced,0.2,1.0,373.0,0.8,0.13032201751844955
Reduced,0.2,1.0,373.0,0.9,0.15492188779034843
Reduced,0.2,1.0,373.0,1.0,0.1733257673559004
Reduced,0.2,1.0,373.0,1.1,0.1773207611263041
Reduced,0.2,1.0,373.0,1.2,0.17308323989967778
Reduced,0.2,1.0,373.0,1.3,0.16405012750638745
Reduced,0.2,1.0,373.0,1.4,0.15240428178159884
Reduced,0.4,1.0,373.0,0.8,0.26462615425774066
Reduced,0.4,1.0,373.0,0.9,0.31518667623569735
Reduced,0.4,1.0,373.0,1.0,0.3542145448244189
Reduced,0.4,1.0,373.0,1.1,0.35445999638047476
Reduced,0.4,1.0,373.0,1.2,0.3169909284185023
Reduced,0.4,1.0,373.0,1.3,0.2951018150807637
Reduced,0.4,1.0,373.0,1.4,0.27659514043626054
Reduced,0.6,1.0,373.0,0.8,0.6381031623309648
Reduced,0.6,1.0,373.0,0.9,0.7716368705396074
Reduced,0.6,1.0,373.0,1.0,0.8701680380778283
Reduced,0.6,1.0,373.0,1.1,0.9050833937242724
Reduced,0.6,1.0,373.0,1.2,0.8623138026474212
Reduced,0.6,1.0,373.0,1.3,0.7506909910718785
Reduced,0.6,1.0,373.0,1.4,0.6174834340087507
Reduced,0.0,1.0,423.0,0.8,0.09966116890146284
Reduced,0.0,1.0,423.0,0.9,0.11947607224841726
Reduced,0.0,1.0,423.0,1.0,0.13357553361679553
Reduced,0.0,1.0,423.0,1.1,0.1404925402945912
Reduced,0.0,1.0,423.0,1.2,0.13808584954057873
Reduced,0.0,1.0,423.0,1.3,0.12944909795472634
Reduced,0.0,1.0,423.0,1.4,0.11803361183956183
Reduced,0.05,1.0,423.0,0.8,0.1128265556853437
Reduced,0.05,1.0,423.0,0.9,0.1342138105825482
Reduced,0.05,1.0,423.0,1.0,0.14943683748846778
Reduced,0.05,1.0,423.0,1.1,0.1559635037722876
Reduced,0.05,1.0,423.0,1.2,0.15354355645143153
Reduced,0.05,1.0,423.0,1.3,0.1445290030313604
Reduced,0.05,1.0,423.0,1.4,0.13279220705266934
Reduced,0.2,1.0,423.0,0.8,0.16980154806328068
Reduced,0.2,1.0,423.0,0.9,0.19954115412415283
Reduced,0.2,1.0,423.0,1.0,0.22085458713365028
Reduced,0.2,1.0,423.0,1.1,0.2248154323349676
Reduced,0.2,1.0,423.0,1.2,0.21934934671118664
Reduced,0.2,1.0,423.0,1.3,0.20882939791974467
Reduced,0.2,1.0,423.0,1.4,0.19458775172045342
Reduced,0.4,1.0,423.0,0.8,0.3423286552648882
Reduced,0.4,1.0,423.0,0.9,0.40327363829444157
Reduced,0.4,1.0,423.0,1.0,0.44693922124810076
Reduced,0.4,1.0,423.0,1.1,0.44643726059643746
Reduced,0.4,1.0,423.0,1.2,0.400698586668848
Reduced,0.4,1.0,423.0,1.3,0.371882679682948
Reduced,0.4,1.0,423.0,1.4,0.34954659031760876
Reduced,0.6,1.0,423.0,0.8,0.8151092191388083
Reduced,0.6,1.0,423.0,0.9,0.9718906594185821
Reduced,0.6,1.0,423.0,1.0,1.0828592625888973
Reduced,0.6,1.0,423.0,1.1,1.1201657691343558
Reduced,0.6,1.0,423.0,1.2,1.0691278922058054
Reduced,0.6,1.0,423.0,1.3,0.939086889327709
Reduced,0.6,1.0,423.0,1.4,0.7839039229496677
Reduced,0.0,1.0,473.0,0.8,0.12917336211407318
Reduced,0.0,1.0,473.0,0.9,0.15263704234994915
Reduced,0.0,1.0,473.0,1.0,0.16920433489863357
Reduced,0.0,1.0,473.0,1.1,0.17597010536586805
Reduced,0.0,1.0,473.0,1.2,0.173416252999857
Reduced,0.0,1.0,473.0,1.3,0.16319494707245216
Reduced,0.0,1.0,473.0,1.4,0.15006837404721535
Reduced,0.05,1.0,473.0,0.8,0.1455299744859055
Reduced,0.05,1.0,473.0,0.9,0.17107042859086494
Reduced,0.05,1.0,473.0,1.0,0.18907380050765
Reduced,0.05,1.0,473.0,1.1,0.19519559599263347
Reduced,0.05,1.0,473.0,1.2,0.19249221930762775
Reduced,0.05,1.0,473.0,1.3,0.18219783581345356
Reduced,0.05,1.0,473.0,1.4,0.16806906186188023
Reduced,0.2,1.0,473.0,0.8,0.216877754813001
Reduced,0.2,1.0,473.0,0.9,0.25207393923525045
Reduced,0.2,1.0,473.0,1.0,0.27755728467958896
Reduced,0.2,1.0,473.0,1.1,0.28033502438316876
Reduced,0.2,1.0,473.0,1.2,0.27292651468317347
Reduced,0.2,1.0,473.0,1.3,0.2612086147188907
Reduced,0.2,1.0,473.0,1.4,0.24477867364436748
Reduced,0.4,1.0,473.0,0.8,0.43498745778519615
Reduced,0.4,1.0,473.0,0.9,0.5050472985754646
Reduced,0.4,1.0,473.0,1.0,0.5558968431840912
Reduced,0.4,1.0,473.0,1.1,0.5524133461821662
Reduced,0.4,1.0,473.0,1.2,0.49771269488552633
Reduced,0.4,1.0,473.0,1.3,0.46045517816040366
Reduced,0.4,1.0,473.0,1.4,0.4339649593072381
Reduced,0.6,1.0,473.0,0.8,1.024472248533516
Reduced,0.6,1.0,473.0,0.9,1.2060969363728868
Reduced,0.6,1.0,473.0,1.0,1.3304402155764814
Reduced,0.6,1.0,473.0,1.1,1.3666680489143646
Reduced,0.6,1.0,473.0,1.2,1.3039908252443475
Reduced,0.6,1.0,473.0,1.3,1.152790387869005
Reduced,0.6,1.0,473.0,1.4,0.9749960383071979
Optimized,0.0,1.0,298.0,0.8,0.04144208993460025
Optimized,0.0,1.0,298.0,0.9,0.0579211680622716
Optimized,0.0,1.0,298.0,1.0,0.07624447697196074
Optimized,0.0,1.0,298.0,1.1,0.08632625457923206
Optimized,0.0,1.0,298.0,1.2,0.0795594372579286
Optimized,0.0,1.0,298.0,1.3,0.06972950577323192
Optimized,0.0,1.0,298.0,1.4,0.060573911335007787
Optimized,0.05,1.0,298.0,0.8,0.05005269376898856
Optimized,0.05,1.0,298.0,0.9,0.06885120173197233
Optimized,0.05,1.0,298.0,1.0,0.08929260326473337
Optimized,0.05,1.0,298.0,1.1,0.09923146126347569
Optimized,0.05,1.0,298.0,1.2,0.09180797593888032
Optimized,0.05,1.0,298.0,1.3,0.08084942880544099
Optimized,0.05,1.0,298.0,1.4,0.06984410753652472
Optimized,0.2,1.0,298.0,0.8,0.09000290420112796
Optimized,0.2,1.0,298.0,0.9,0.12133143980319086
Optimized,0.2,1.0,298.0,1.0,0.15241548464862575
Optimized,0.2,1.0,298.0,1.1,0.16020398845872216
Optimized,0.2,1.0,298.0,1.2,0.14414284962335003
Optimized,0.2,1.0,298.0,1.3,0.12883715323345124
Optimized,0.2,1.0,298.0,1.4,0.11379347956503504
Optimized,0.4,1.0,298.0,0.8,0.20902662571123362
Optimized,0.4,1.0,298.0,0.9,0.2769082354689437
Optimized,0.4,1.0,298.0,1.0,0.33310684692631654
Optimized,0.4,1.0,298.0,1.1,0.34878618810814405
Optimized,0.4,1.0,298.0,1.2,0.30291297822105034
Optimized,0.4,1.0,298.0,1.3,0.2501523416297606
Optimized,0.4,1.0,298.0,1.4,0.22031332320619923
Optimized,0.6,1.0,298.0,0.8,0.4716948756409204
Optimized,0.6,1.0,298.0,0.9,0.5932759682688342
Optimized,0.6,1.0,298.0,1.0,0.6899637842877459
Optimized,0.6,1.0,298.0,1.1,0.738562703319519
Optimized,0.6,1.0,298.0,1.2,0.7219758194016933
Optimized,0.6,1.0,298.0,1.3,0.6487232639880469
Optimized,0.6,1.0,298.0,1.4,0.5432911446903312
Optimized,0.0,1.0,373.0,0.8,0.0668234667320182
Optimized,0.0,1.0,373.0,0.9,0.09092840100568839
Optimized,0.0,1.0,373.0,1.0,0.11671311390606486
Optimized,0.0,1.0,373.0,1.1,0.12819380655784315
Optimized,0.0,1.0,373.0,1.2,0.11997832238746643
Optimized,0.0,1.0,373.0,1.3,0.10666012718619626
Optimized,0.0,1.0,373.0,1.4,0.09280421926781836
Optimized,0.05,1.0,373.0,0.8,0.08010318315805319
Optimized,0.05,1.0,373.0,0.9,0.1079388007566102
Optimized,0.05,1.0,373.0,1.0,0.1366500018904384
Optimized,0.05,1.0,373.0,1.1,0.1473786094590389
Optimized,0.05,1.0,373.0,1.2,0.13790451120248343
Optimized,0.05,1.0,373.0,1.3,0.12236595116276672
Optimized,0.05,1.0,373.0,1.4,0.10754084133037917
Optimized,0.2,1.0,373.0,0.8,0.14176922574508158
Optimized,0.2,1.0,373.0,0.9,0.1881307976056658
Optimized,0.2,1.0,373.0,1.0,0.22992234332975892
Optimized,0.2,1.0,373.0,1.1,0.23731005084124893
Optimized,0.2,1.0,373.0,1.2,0.21361189900954033
Optimized,0.2,1.0,373.0,1.3,0.19209880002647878
Optimized,0.2,1.0,373.0,1.4,0.17072411790373812
Optimized,0.4,1.0,373.0,0.8,0.3272753425890916
Optimized,0.4,1.0,373.0,0.9,0.42098608449286695
Optimized,0.4,1.0,373.0,1.0,0.49365638883050106
Optimized,0.4,1.0,373.0,1.1,0.5106466783521866
Optimized,0.4,1.0,373.0,1.2,0.4496616116821106
Optimized,0.4,1.0,373.0,1.3,0.3711717904943535
Optimized,0.4,1.0,373.0,1.4,0.32661635196076827
Optimized,0.6,1.0,373.0,0.8,0.7161900865836779
Optimized,0.6,1.0,373.0,0.9,0.880059009430898
Optimized,0.6,1.0,373.0,1.0,1.0024256416064163
Optimized,0.6,1.0,373.0,1.1,1.0620340076176735
Optimized,0.6,1.0,373.0,1.2,1.0404950320913184
Optimized,0.6,1.0,373.0,1.3,0.9462069702731293
Optimized,0.6,1.0,373.0,1.4,0.8096907776369078
Optimized,0.0,1.0,423.0,0.8,0.08906472973526075
Optimized,0.0,1.0,423.0,0.9,0.1194602169819048
Optimized,0.0,1.0,423.0,1.0,0.15069477349511684
Optimized,0.0,1.0,423.0,1.1,0.16222380168072265
Optimized,0.0,1.0,423.0,1.2,0.1527776675023553
Optimized,0.0,1.0,423.0,1.3,0.13687787661554382
Optimized,0.0,1.0,423.0,1.4,0.1205085572603683
Optimized,0.05,1.0,423.0,0.8,0.10660824284856467
Optimized,0.05,1.0,423.0,0.9,0.14136413664664893
Optimized,0.05,1.0,423.0,1.0,0.1762156941828756
Optimized,0.05,1.0,423.0,1.1,0.18657645674930057
Optimized,0.05,1.0,423.0,1.2,0.17484073098746658
Optimized,0.05,1.0,423.0,1.3,0.1566883954197739
Optimized,0.05,1.0,423.0,1.4,0.1386895845649378
Optimized,0.2,1.0,423.0,0.8,0.1869814979807013
Optimized,0.2,1.0,423.0,0.9,0.24419088225395544
Optimized,0.2,1.0,423.0,1.0,0.2943901979277891
Optimized,0.2,1.0,423.0,1.1,0.3014949021533938
Optimized,0.2,1.0,423.0,1.2,0.2698159246966855
Optimized,0.2,1.0,423.0,1.3,0.24377625356455487
Optimized,0.2,1.0,423.0,1.4,0.21703481623415807
Optimized,0.4,1.0,423.0,0.8,0.42607273873031054
Optimized,0.4,1.0,423.0,0.9,0.5384446991085621
Optimized,0.4,1.0,423.0,1.0,0.6219083187353349
Optimized,0.4,1.0,423.0,1.1,0.6388031553197925
Optimized,0.4,1.0,423.0,1.2,0.569134041219294
Optimized,0.4,1.0,423.0,1.3,0.4701593447473724
Optimized,0.4,1.0,423.0,1.4,0.4135719173431828
Optimized,0.6,1.0,423.0,0.8,0.9235169139075216
Optimized,0.6,1.0,423.0,0.9,1.113537949359486
Optimized,0.6,1.0,423.0,1.0,1.255052241548083
Optimized,0.6,1.0,423.0,1.1,1.320492236656287
Optimized,0.6,1.0,423.0,1.2,1.2933054156567971
Optimized,0.6,1.0,423.0,1.3,1.1818673531970603
Optimized,0.6,1.0,423.0,1.4,1.0207634608294487
Optimized,0.0,1.0,473.0,0.8,0.11651736597539396
Optimized,0.0,1.0,473.0,0.9,0.15403362781706387
Optimized,0.0,1.0,473.0,1.0,0.19108722190745514
Optimized,0.0,1.0,473.0,1.1,0.2022136513555921
Optimized,0.0,1.0,473.0,1.2,0.1909492569861993
Optimized,0.0,1.0,473.0,1.3,0.17195603501003953
Optimized,0.0,1.0,473.0,1.4,0.15292470097425043
Optimized,0.05,1.0,473.0,0.8,0.13892697243809313
Optimized,0.05,1.0,473.0,0.9,0.1819559283623587
Optimized,0.05,1.0,473.0,1.0,0.22343006478444152
Optimized,0.05,1.0,473.0,1.1,0.23279077227824263
Optimized,0.05,1.0,473.0,1.2,0.21739807536387595
Optimized,0.05,1.0,473.0,1.3,0.1969136499763646
Optimized,0.05,1.0,473.0,1.4,0.17502166231474897
Optimized,0.2,1.0,473.0,0.8,0.24192210013423782
Optimized,0.2,1.0,473.0,0.9,0.3116532063493166
Optimized,0.2,1.0,473.0,1.0,0.37047773896297553
Optimized,0.2,1.0,473.0,1.1,0.37541096433062476
Optimized,0.2,1.0,473.0,1.2,0.3346277059023284
Optimized,0.2,1.0,473.0,1.3,0.302142721758665
Optimized,0.2,1.0,473.0,1.4,0.2717494926945108
Optimized,0.4,1.0,473.0,0.8,0.5457410824781759
Optimized,0.4,1.0,473.0,0.9,0.678220505378212
Optimized,0.4,1.0,473.0,1.0,0.7725196840613306
Optimized,0.4,1.0,473.0,1.1,0.7884409587498354
Optimized,0.4,1.0,473.0,1.2,0.7067859989212675
Optimized,0.4,1.0,473.0,1.3,0.5877230506480849
Optimized,0.4,1.0,473.0,1.4,0.5149641352007048
Optimized,0.6,1.0,473.0,0.8,1.1627546371832351
Optimized,0.6,1.0,473.0,0.9,1.385642740214453
Optimized,0.6,1.0,473.0,1.0,1.543980374493446
Optimized,0.6,1.0,473.0,1.1,1.61367688498636
Optimized,0.6,1.0,473.0,1.2,1.5808919572266724
Optimized,0.6,1.0,473.0,1.3,1.4536355792452067
Optimized,0.6,1.0,473.0,1.4,1.266901378017553
Full,0.2,40.0,820.0,0.8,0.2795267955579172
Full,0.0,40.0,720.0,0.8,0.12571945594054762
Full,0.2,40.0,820.0,0.9,0.3207922703325159
Full,0.0,40.0,720.0,0.9,0.14812217982018827
Full,0.2,40.0,820.0,1.0,0.3547597487468054
Full,0.0,40.0,720.0,1.0,0.16456921240567018
Full,0.2,40.0,820.0,1.1,0.39258767924584037
Full,0.0,40.0,720.0,1.1,0.18664714405448188
Full,0.2,40.0,820.0,1.2,0.39501853136553244
Full,0.0,40.0,720.0,1.2,0.18408062601078048
Reduced,0.2,40.0,820.0,0.8,0.3234891544900245
Reduced,0.0,40.0,720.0,0.8,0.1432270612033779
Reduced,0.2,40.0,820.0,0.9,0.3822968733718076
Reduced,0.0,40.0,720.0,0.9,0.17756351493174485
Reduced,0.2,40.0,820.0,1.0,0.42256562754065025
Reduced,0.0,40.0,720.0,1.0,0.19886507984634533
Reduced,0.2,40.0,820.0,1.1,0.4548531549008446
Reduced,0.0,40.0,720.0,1.1,0.21765668068101354
Reduced,0.2,40.0,820.0,1.2,0.45578542197544064
Reduced,0.0,40.0,720.0,1.2,0.21532142688602954
Optimized,0.2,40.0,820.0,0.8,0.17007567899965834
Optimized,0.0,40.0,720.0,0.8,0.07651961666405606
Optimized,0.2,40.0,820.0,0.9,0.21643116500106624
Optimized,0.0,40.0,720.0,0.9,0.09753079579620012
Optimized,0.2,40.0,820.0,1.0,0.26029162823479873
Optimized,0.0,40.0,720.0,1.0,0.11703157319982017
Optimized,0.2,40.0,820.0,1.1,0.3096125269686299
Optimized,0.0,40.0,720.0,1.1,0.14524564934197096
Optimized,0.2,40.0,820.0,1.2,0.3268146584331449
Optimized,0.0,40.0,720.0,1.2,0.15281804267836957
Full,0.0,1.0,360.0,0.7,0.049742890960881886
Full,0.0,1.0,360.0,0.8,0.07318980807843925
Full,0.0,1.0,360.0,0.9,0.09150090869927983
Full,0.0,1.0,360.0,1.0,0.10748575112449002
Full,0.0,1.0,360.0,1.1,0.12138808083491623
Full,0.0,1.0,360.0,1.2,0.1150211343374772
Full,0.0,1.0,360.0,1.3,0.10065083017353553
Full,0.0,1.0,360.0,1.4,0.08575176770597147
Full,0.0,2.0,360.0,0.7,0.038774986744421334
Full,0.0,2.0,360.0,0.8,0.05924666088642402
Full,0.0,2.0,360.0,0.9,0.07472491178096921
Full,0.0,2.0,360.0,1.0,0.08696986692379939
Full,0.0,2.0,360.0,1.1,0.10107731925206882
Full,0.0,2.0,360.0,1.2,0.0938377837341085
Full,0.0,2.0,360.0,1.3,0.081292324820116
Full,0.0,2.0,360.0,1.4,0.06886322975757864
Full,0.0,3.0,360.0,0.7,0.03267511473316958
Full,0.0,3.0,360.0,0.8,0.051398876170586444
Full,0.0,3.0,360.0,0.9,0.06539362766250524
Full,0.0,3.0,360.0,1.0,0.07581171354114451
Full,0.0,3.0,360.0,1.1,0.0885235144827406
Full,0.0,3.0,360.0,1.2,0.08134099603529979
Full,0.0,3.0,360.0,1.3,0.07005264841499528
Full,0.0,3.0,360.0,1.4,0.059437054655201604
Full,0.0,5.0,360.0,0.7,0.02565017221231808
Full,0.0,5.0,360.0,0.8,0.042089860340447566
Full,0.0,5.0,360.0,0.9,0.05439466315939934
Full,0.0,5.0,360.0,1.0,0.06274007246198565
Full,0.0,5.0,360.0,1.1,0.07303356201837796
Full,0.0,5.0,360.0,1.2,0.0665265001624232
Full,0.0,5.0,360.0,1.3,0.05731434849410161
Full,0.0,5.0,360.0,1.4,0.048504480037857754
Full,0.1,1.0,360.0,0.7,0.07081787384994863
Full,0.1,1.0,360.0,0.8,0.09999570759244356
Full,0.1,1.0,360.0,0.9,0.1235192343363225
Full,0.1,1.0,360.0,1.0,0.14331232843723865
Full,0.1,1.0,360.0,1.1,0.15871219119795527
Full,0.1,1.0,360.0,1.2,0.1508232203974043
Full,0.1,1.0,360.0,1.3,0.13393002417267555
Full,0.1,1.0,360.0,1.4,0.11448967861094572
Full,0.1,2.0,360.0,0.7,0.05395188045033569
Full,0.1,2.0,360.0,0.8,0.07901886629322315
Full,0.1,2.0,360.0,0.9,0.09825206153110558
Full,0.1,2.0,360.0,1.0,0.11331062420249165
Full,0.1,2.0,360.0,1.1,0.12910218272594098
Full,0.1,2.0,360.0,1.2,0.12168669150872999
Full,0.1,2.0,360.0,1.3,0.10657406868322265
Full,0.1,2.0,360.0,1.4,0.09127066913354873
Full,0.1,3.0,360.0,0.7,0.044873518911313644
Full,0.1,3.0,360.0,0.8,0.06770659216318527
Full,0.1,3.0,360.0,0.9,0.0847027586611702
Full,0.1,3.0,360.0,1.0,0.09777135627280306
Full,0.1,3.0,360.0,1.1,0.11261632466369989
Full,0.1,3.0,360.0,1.2,0.10485862745663672
Full,0.1,3.0,360.0,1.3,0.09108535447958194
Full,0.1,3.0,360.0,1.4,0.078114795658748
Full,0.1,5.0,360.0,0.7,0.034721810026125094
Full,0.1,5.0,360.0,0.8,0.05462324826910626
Full,0.1,5.0,360.0,0.9,0.06957058918446454
Full,0.1,5.0,360.0,1.0,0.07974735974369697
Full,0.1,5.0,360.0,1.1,0.0921814531070492
Full,0.1,5.0,360.0,1.2,0.08502665334735335
Full,0.1,5.0,360.0,1.3,0.0737696870235373
Full,0.1,5.0,360.0,1.4,0.06303500781571061
Full,0.2,1.0,360.0,0.7,0.10224785761740707
Full,0.2,1.0,360.0,0.8,0.14037841953542274
Full,0.2,1.0,360.0,0.9,0.17204123026931648
Full,0.2,1.0,360.0,1.0,0.1985873855075615
Full,0.2,1.0,360.0,1.1,0.21348759619020344
Full,0.2,1.0,360.0,1.2,0.2002941177514104
Full,0.2,1.0,360.0,1.3,0.1794120382023782
Full,0.2,1.0,360.0,1.4,0.15627078465044572
Full,0.2,2.0,360.0,0.7,0.07590617878405166
Full,0.2,2.0,360.0,0.8,0.10771120280244317
Full,0.2,2.0,360.0,0.9,0.13271440151969477
Full,0.2,2.0,360.0,1.0,0.15320276916465264
Full,0.2,2.0,360.0,1.1,0.16978585127247534
Full,0.2,2.0,360.0,1.2,0.1613909489425163
Full,0.2,2.0,360.0,1.3,0.14191427893228253
Full,0.2,2.0,360.0,1.4,0.12296922587153629
Full,0.2,3.0,360.0,0.7,0.06265895816229193
Full,0.2,3.0,360.0,0.8,0.09091061277706741
Full,0.2,3.0,360.0,0.9,0.11279972456832203
Full,0.2,3.0,360.0,1.0,0.12974718070609928
Full,0.2,3.0,360.0,1.1,0.14639123257227207
Full,0.2,3.0,360.0,1.2,0.1381885289952468
Full,0.2,3.0,360.0,1.3,0.12145774385073693
Full,0.2,3.0,360.0,1.4,0.1047760230832215
Full,0.2,5.0,360.0,0.7,0.04770620951927699
Full,0.2,5.0,360.0,0.8,0.07268049891141642
Full,0.2,5.0,360.0,0.9,0.09106336510570494
Full,0.2,5.0,360.0,1.0,0.10447896213177234
Full,0.2,5.0,360.0,1.1,0.11879333686023456
Full,0.2,5.0,360.0,1.2,0.11087039599679178
Full,0.2,5.0,360.0,1.3,0.09753493284946983
Full,0.2,5.0,360.0,1.4,0.08397587819787926
Reduced,0.0,1.0,360.0,0.7,0.049336378683119304
Reduced,0.0,1.0,360.0,0.8,0.06996638721092634
Reduced,0.0,1.0,360.0,0.9,0.0853745532519927
Reduced,0.0,1.0,360.0,1.0,0.09646535160310248
Reduced,0.0,1.0,360.0,1.1,0.1032933664748911
Reduced,0.0,1.0,360.0,1.2,0.10064414565500684
Reduced,0.0,1.0,360.0,1.3,0.09356045367236007
Reduced,0.0,1.0,360.0,1.4,0.0851467466258939
Reduced,0.0,2.0,360.0,0.7,0.039835367532203375
Reduced,0.0,2.0,360.0,0.8,0.060105188481890434
Reduced,0.0,2.0,360.0,0.9,0.07521104934967442
Reduced,0.0,2.0,360.0,1.0,0.08563350625864602
Reduced,0.0,2.0,360.0,1.1,0.09320356263733505
Reduced,0.0,2.0,360.0,1.2,0.09029992800149561
Reduced,0.0,2.0,360.0,1.3,0.08335683724527475
Reduced,0.0,2.0,360.0,1.4,0.07471587193394308
Reduced,0.0,3.0,360.0,0.7,0.03391872626724197
Reduced,0.0,3.0,360.0,0.8,0.05373074682371796
Reduced,0.0,3.0,360.0,0.9,0.06863248204582417
Reduced,0.0,3.0,360.0,1.0,0.07859461600401361
Reduced,0.0,3.0,360.0,1.1,0.08642363938310504
Reduced,0.0,3.0,360.0,1.2,0.08345812761618547
Reduced,0.0,3.0,360.0,1.3,0.07634413600867837
Reduced,0.0,3.0,360.0,1.4,0.06747461850143424
Reduced,0.0,5.0,360.0,0.7,0.02650324515625327
Reduced,0.0,5.0,360.0,0.8,0.04522774729062699
Reduced,0.0,5.0,360.0,0.9,0.0596595206073814
Reduced,0.0,5.0,360.0,1.0,0.06887354525242192
Reduced,0.0,5.0,360.0,1.1,0.07643681023994822
Reduced,0.0,5.0,360.0,1.2,0.07320686299095068
Reduced,0.0,5.0,360.0,1.3,0.06651057828476668
Reduced,0.0,5.0,360.0,1.4,0.05880821973121962
Reduced,0.1,1.0,360.0,0.7,0.06711510422769419
Reduced,0.1,1.0,360.0,0.8,0.0909751528710974
Reduced,0.1,1.0,360.0,0.9,0.1093772496865077
Reduced,0.1,1.0,360.0,1.0,0.12270193078253615
Reduced,0.1,1.0,360.0,1.1,0.1285478198380762
Reduced,0.1,1.0,360.0,1.2,0.12641222382851064
Reduced,0.1,1.0,360.0,1.3,0.11864691335103696
Reduced,0.1,1.0,360.0,1.4,0.1087257487792778
Reduced,0.1,2.0,360.0,0.7,0.054122586646697314
Reduced,0.1,2.0,360.0,0.8,0.07761181414207051
Reduced,0.1,2.0,360.0,0.9,0.09559750626583706
Reduced,0.1,2.0,360.0,1.0,0.10830133821892364
Reduced,0.1,2.0,360.0,1.1,0.11608753710648863
Reduced,0.1,2.0,360.0,1.2,0.11329209237951715
Reduced,0.1,2.0,360.0,1.3,0.10535321093381034
Reduced,0.1,2.0,360.0,1.4,0.0956295588534557
Reduced,0.1,3.0,360.0,0.7,0.04574928577420465
Reduced,0.1,3.0,360.0,0.8,0.0690075678456559
Reduced,0.1,3.0,360.0,0.9,0.08645154320223881
Reduced,0.1,3.0,360.0,1.0,0.09882507237008341
Reduced,0.1,3.0,360.0,1.1,0.10738843522384374
Reduced,0.1,3.0,360.0,1.2,0.10423846075903102
Reduced,0.1,3.0,360.0,1.3,0.09650789668921736
Reduced,0.1,3.0,360.0,1.4,0.08717392027586632
Reduced,0.1,5.0,360.0,0.7,0.03564958929036565
Reduced,0.1,5.0,360.0,0.8,0.05782936599361043
Reduced,0.1,5.0,360.0,0.9,0.0748061531726912
Reduced,0.1,5.0,360.0,1.0,0.08620703175819111
Reduced,0.1,5.0,360.0,1.1,0.09497650018822902
Reduced,0.1,5.0,360.0,1.2,0.09164966812339234
Reduced,0.1,5.0,360.0,1.3,0.08375124398227321
Reduced,0.1,5.0,360.0,1.4,0.0749618708945524
Reduced,0.2,1.0,360.0,0.7,0.09304773212155606
Reduced,0.2,1.0,360.0,0.8,0.12131683782770687
Reduced,0.2,1.0,360.0,0.9,0.1444828432318663
Reduced,0.2,1.0,360.0,1.0,0.16205085789880608
Reduced,0.2,1.0,360.0,1.1,0.1660406259863078
Reduced,0.2,1.0,360.0,1.2,0.1623046104194673
Reduced,0.2,1.0,360.0,1.3,0.1535660009434526
Reduced,0.2,1.0,360.0,1.4,0.1424882358049042
Reduced,0.2,2.0,360.0,0.7,0.07459832690635292
Reduced,0.2,2.0,360.0,0.8,0.10278050829047786
Reduced,0.2,2.0,360.0,0.9,0.12425118293789911
Reduced,0.2,2.0,360.0,1.0,0.14109370505402877
Reduced,0.2,2.0,360.0,1.1,0.14836432650887502
Reduced,0.2,2.0,360.0,1.2,0.14461768367108316
Reduced,0.2,2.0,360.0,1.3,0.13639074381867286
Reduced,0.2,2.0,360.0,1.4,0.12534522860112327
Reduced,0.2,3.0,360.0,0.7,0.06351304646234168
Reduced,0.2,3.0,360.0,0.8,0.09066615395964438
Reduced,0.2,3.0,360.0,0.9,0.11194397591581223
Reduced,0.2,3.0,360.0,1.0,0.12770971548290702
Reduced,0.2,3.0,360.0,1.1,0.13651014921907498
Reduced,0.2,3.0,360.0,1.2,0.13311243850519874
Reduced,0.2,3.0,360.0,1.3,0.12443452844401924
Reduced,0.2,3.0,360.0,1.4,0.11368967343200173
Reduced,0.2,5.0,360.0,0.7,0.049243150080408325
Reduced,0.2,5.0,360.0,0.8,0.07590168251943548
Reduced,0.2,5.0,360.0,0.9,0.09599226696880599
Reduced,0.2,5.0,360.0,1.0,0.11038884164792641
Reduced,0.2,5.0,360.0,1.1,0.12010824416988054
Reduced,0.2,5.0,360.0,1.2,0.11664159683169172
Reduced,0.2,5.0,360.0,1.3,0.10868757114404524
Reduced,0.2,5.0,360.0,1.4,0.09848728700615325
Optimized,0.0,1.0,360.0,0.7,0.03936395481580659
Optimized,0.0,1.0,360.0,0.8,0.06183151799001739
Optimized,0.0,1.0,360.0,0.9,0.08442047663737735
Optimized,0.0,1.0,360.0,1.0,0.1088334989776302
Optimized,0.0,1.0,360.0,1.1,0.12015297205078346
Optimized,0.0,1.0,360.0,1.2,0.11239512489471494
Optimized,0.0,1.0,360.0,1.3,0.09964517921462153
Optimized,0.0,1.0,360.0,1.4,0.08647009090427729
Optimized,0.0,2.0,360.0,0.7,0.02451057932211757
Optimized,0.0,2.0,360.0,0.8,0.043699641256344214
Optimized,0.0,2.0,360.0,0.9,0.06234881419105941
Optimized,0.0,2.0,360.0,1.0,0.08171580708033131
Optimized,0.0,2.0,360.0,1.1,0.09434184682914219
Optimized,0.0,2.0,360.0,1.2,0.08717487428118907
Optimized,0.0,2.0,360.0,1.3,0.07751009909279043
Optimized,0.0,2.0,360.0,1.4,0.06717158597221985
Optimized,0.0,3.0,360.0,0.7,0.017292480827879902
Optimized,0.0,3.0,360.0,0.8,0.033759018323292485
Optimized,0.0,3.0,360.0,0.9,0.05032574482609842
Optimized,0.0,3.0,360.0,1.0,0.06670690207169105
Optimized,0.0,3.0,360.0,1.1,0.07883144459694881
Optimized,0.0,3.0,360.0,1.2,0.07351215993063613
Optimized,0.0,3.0,360.0,1.3,0.06491777453990628
Optimized,0.0,3.0,360.0,1.4,0.05671207512232843
Optimized,0.0,5.0,360.0,0.7,0.01125817095124553
Optimized,0.0,5.0,360.0,0.8,0.023302126163722705
Optimized,0.0,5.0,360.0,0.9,0.03708403848705299
Optimized,0.0,5.0,360.0,1.0,0.04989356340039825
Optimized,0.0,5.0,360.0,1.1,0.061073984097008566
Optimized,0.0,5.0,360.0,1.2,0.0577621030458209
Optimized,0.0,5.0,360.0,1.3,0.051842722187542996
Optimized,0.0,5.0,360.0,1.4,0.0454852642055364
Optimized,0.1,1.0,360.0,0.7,0.06033444479279428
Optimized,0.1,1.0,360.0,0.8,0.08941426650235075
Optimized,0.1,1.0,360.0,0.9,0.11980867628554352
Optimized,0.1,1.0,360.0,1.0,0.1505621351598009
Optimized,0.1,1.0,360.0,1.1,0.16043627325999713
Optimized,0.1,1.0,360.0,1.2,0.14892051071824328
Optimized,0.1,1.0,360.0,1.3,0.13338077387204017
Optimized,0.1,1.0,360.0,1.4,0.11636945639028096
Optimized,0.1,2.0,360.0,0.7,0.03851592834515713
Optimized,0.1,2.0,360.0,0.8,0.06344941605530807
Optimized,0.1,2.0,360.0,0.9,0.08802166796913424
Optimized,0.1,2.0,360.0,1.0,0.11242228331205895
Optimized,0.1,2.0,360.0,1.1,0.1245769689558774
Optimized,0.1,2.0,360.0,1.2,0.11552986906945283
Optimized,0.1,2.0,360.0,1.3,0.10244063469020068
Optimized,0.1,2.0,360.0,1.4,0.0898432240817253
Optimized,0.1,3.0,360.0,0.7,0.02707762107929223
Optimized,0.1,3.0,360.0,0.8,0.04910753673859861
Optimized,0.1,3.0,360.0,0.9,0.07056170617094387
Optimized,0.1,3.0,360.0,1.0,0.09124667116975732
Optimized,0.1,3.0,360.0,1.1,0.10411088985955569
Optimized,0.1,3.0,360.0,1.2,0.09642001056668854
Optimized,0.1,3.0,360.0,1.3,0.08560162354813157
Optimized,0.1,3.0,360.0,1.4,0.07523035379450384
Optimized,0.1,5.0,360.0,0.7,0.01611831532211732
Optimized,0.1,5.0,360.0,0.8,0.033420156321329574
Optimized,0.1,5.0,360.0,0.9,0.05123843931027726
Optimized,0.1,5.0,360.0,1.0,0.06781731073490985
Optimized,0.1,5.0,360.0,1.1,0.07969177123520432
Optimized,0.1,5.0,360.0,1.2,0.07475019051080944
Optimized,0.1,5.0,360.0,1.3,0.06725117207828765
Optimized,0.1,5.0,360.0,1.4,0.059495923257035815
Optimized,0.2,1.0,360.0,0.7,0.09162598849761551
Optimized,0.2,1.0,360.0,0.8,0.1316369751925547
Optimized,0.2,1.0,360.0,0.9,0.17494963761987706
Optimized,0.2,1.0,360.0,1.0,0.2148450759924659
Optimized,0.2,1.0,360.0,1.1,0.22264343074274728
Optimized,0.2,1.0,360.0,1.2,0.2002420455181733
Optimized,0.2,1.0,360.0,1.3,0.17995798094371848
Optimized,0.2,1.0,360.0,1.4,0.15974577515094784
Optimized,0.2,2.0,360.0,0.7,0.060152288237343546
Optimized,0.2,2.0,360.0,0.8,0.09399276308409364
Optimized,0.2,2.0,360.0,0.9,0.12721794610754592
Optimized,0.2,2.0,360.0,1.0,0.16049805323950625
Optimized,0.2,2.0,360.0,1.1,0.17173651781204025
Optimized,0.2,2.0,360.0,1.2,0.1572046415569715
Optimized,0.2,2.0,360.0,1.3,0.14019729443222478
Optimized,0.2,2.0,360.0,1.4,0.12311996596161139
Optimized,0.2,3.0,360.0,0.7,0.043196388965032716
Optimized,0.2,3.0,360.0,0.8,0.07326474103762427
Optimized,0.2,3.0,360.0,0.9,0.10166286625135167
Optimized,0.2,3.0,360.0,1.0,0.1301869072573909
Optimized,0.2,3.0,360.0,1.1,0.14254357274657375
Optimized,0.2,3.0,360.0,1.2,0.13124383250330188
Optimized,0.2,3.0,360.0,1.3,0.11681509986243922
Optimized,0.2,3.0,360.0,1.4,0.10292827466649096
Optimized,0.2,5.0,360.0,0.7,0.025243413268740852
Optimized,0.2,5.0,360.0,0.8,0.049726915499012515
Optimized,0.2,5.0,360.0,0.9,0.07369569654763111
Optimized,0.2,5.0,360.0,1.0,0.09539457932974908
Optimized,0.2,5.0,360.0,1.1,0.10805231209079821
Optimized,0.2,5.0,360.0,1.2,0.10042014564522982
Optimized,0.2,5.0,360.0,1.3,0.09013613308216151
Optimized,0.2,5.0,360.0,1.4,0.08013814567289478
Full,0.3,1.0,303.0,0.7,0.10399104670586494
Full,0.3,1.0,303.0,0.8,0.1446711555952421
Full,0.3,1.0,303.0,0.9,0.17873784558087016
Full,0.3,1.0,303.0,1.0,0.20884693192397508
Full,0.3,1.0,303.0,1.1,0.22398888636550887
Full,0.3,1.0,303.0,1.2,0.20591575559414238
Full,0.3,1.0,303.0,1.3,0.18021474153678074
Full,0.3,1.0,303.0,1.4,0.15872653775268217
Full,0.5,1.0,303.0,0.7,0.2252711861183791
Full,0.5,1.0,303.0,0.8,0.3053166780442147
Full,0.5,1.0,303.0,0.9,0.38022251531046625
Full,0.5,1.0,303.0,1.0,0.4455794489153787
Full,0.5,1.0,303.0,1.1,0.48040573486574495
Full,0.5,1.0,303.0,1.2,0.46378344836595653
Full,0.5,1.0,303.0,1.3,0.4105071756598801
Full,0.5,1.0,303.0,1.4,0.3481657563751351
Reduced,0.3,1.0,303.0,0.7,0.09286890056194637
Reduced,0.3,1.0,303.0,0.8,0.12144999943348152
Reduced,0.3,1.0,303.0,0.9,0.14481129114240993
Reduced,0.3,1.0,303.0,1.0,0.16453550868320402
Reduced,0.3,1.0,303.0,1.1,0.16700747175260588
Reduced,0.3,1.0,303.0,1.2,0.15865110423313936
Reduced,0.3,1.0,303.0,1.3,0.15025815045312205
Reduced,0.3,1.0,303.0,1.4,0.13930880275066146
Reduced,0.5,1.0,303.0,0.7,0.21434038196799243
Reduced,0.5,1.0,303.0,0.8,0.2810033097947573
Reduced,0.5,1.0,303.0,0.9,0.3421351102359399
Reduced,0.5,1.0,303.0,1.0,0.38981663339895856
Reduced,0.5,1.0,303.0,1.1,0.40044836411266954
Reduced,0.5,1.0,303.0,1.2,0.35268819505046434
Reduced,0.5,1.0,303.0,1.3,0.296991773700664
Reduced,0.5,1.0,303.0,1.4,0.2723134685477169
Optimized,0.3,1.0,303.0,0.7,0.0978158805466038
Optimized,0.3,1.0,303.0,0.8,0.14097704355856971
Optimized,0.3,1.0,303.0,0.9,0.18697901861171232
Optimized,0.3,1.0,303.0,1.0,0.23053412542333382
Optimized,0.3,1.0,303.0,1.1,0.239909392308219
Optimized,0.3,1.0,303.0,1.2,0.20602182714512413
Optimized,0.3,1.0,303.0,1.3,0.18173040734227097
Optimized,0.3,1.0,303.0,1.4,0.161685074075367
Optimized,0.5,1.0,303.0,0.7,0.24192411051971832
Optimized,0.5,1.0,303.0,0.8,0.3332334589465673
Optimized,0.5,1.0,303.0,0.9,0.4229722515267153
Optimized,0.5,1.0,303.0,1.0,0.49812556887726656
Optimized,0.5,1.0,303.0,1.1,0.52623799811289
Optimized,0.5,1.0,303.0,1.2,0.488771246675345
Optimized,0.5,1.0,303.0,1.3,0.40563493880119705
Optimized,0.5,1.0,303.0,1.4,0.32951799450631564
